Generacion | Fitness | Costo | Solucion
1 | 0,688147 | 145.318 | 11 99 4 57 79 6 66 41 80 77 91 31 25 40 7 43 28 1 68 56 96 32 21 70 67 30 23 74 89 20 3 13 5 87 100 34 73 29 16 12 63 10 17 90 39 42 50 85 49 9 2 75 88 52 45 18 97 84 37 93 53 19 92 83 15 35 36 59 64 14 81 62 69 76 78 95 98 54 26 55 44 82 65 38 27 47 72 94 58 71 86 60 8 22 33 46 48 24 61 51 
2 | 0,688147 | 145.318 | 11 99 4 57 79 6 66 41 80 77 91 31 25 40 7 43 28 1 68 56 96 32 21 70 67 30 23 74 89 20 3 13 5 87 100 34 73 29 16 12 63 10 17 90 39 42 50 85 49 9 2 75 88 52 45 18 97 84 37 93 53 19 92 83 15 35 36 59 64 14 81 62 69 76 78 95 98 54 26 55 44 82 65 38 27 47 72 94 58 71 86 60 8 22 33 46 48 24 61 51 
3 | 0,69318 | 144.263 | 47 56 89 74 67 33 14 88 99 2 70 73 7 35 91 23 19 68 100 61 65 59 81 80 63 93 96 46 42 69 12 8 28 9 84 16 31 53 76 3 30 72 60 21 6 54 1 51 83 64 32 66 92 87 57 44 18 34 98 25 86 75 79 82 52 40 77 71 38 29 49 45 17 27 36 11 48 24 43 95 5 13 39 15 22 58 50 4 55 62 97 94 20 41 85 90 26 78 37 10 
4 | 0,705529 | 141.738 | 11 42 4 57 67 6 66 41 80 77 90 31 25 73 7 14 28 95 40 56 55 32 21 70 83 30 17 74 89 20 3 13 5 87 75 34 68 29 16 63 48 97 23 27 46 99 2 85 88 9 12 100 49 52 45 18 10 84 37 93 53 43 98 79 15 35 76 59 64 19 81 47 69 36 78 1 44 54 26 96 92 82 65 38 91 62 72 94 58 71 86 60 8 22 39 33 50 24 61 51 
5 | 0,721853 | 138.532 | 11 42 4 57 67 6 66 41 80 77 90 31 25 73 7 14 28 95 40 56 55 32 21 70 83 30 85 74 89 20 3 13 5 87 75 34 68 29 16 63 48 97 23 27 46 99 2 17 88 9 12 100 49 52 45 18 10 84 37 93 53 43 98 79 15 35 76 59 64 19 81 47 69 36 78 1 44 54 26 96 92 82 65 38 91 62 72 94 58 71 86 60 8 22 39 33 50 24 61 51 
6 | 0,721853 | 138.532 | 11 42 4 57 67 6 66 41 80 77 90 31 25 73 7 14 28 95 40 56 55 32 21 70 83 30 85 74 89 20 3 13 5 87 75 34 68 29 16 63 48 97 23 27 46 99 2 17 88 9 12 100 49 52 45 18 10 84 37 93 53 43 98 79 15 35 76 59 64 19 81 47 69 36 78 1 44 54 26 96 92 82 65 38 91 62 72 94 58 71 86 60 8 22 39 33 50 24 61 51 
7 | 0,724621 | 138.003 | 58 56 89 74 1 33 14 67 99 2 70 73 64 35 91 23 19 20 100 61 24 59 81 17 3 93 96 46 42 69 12 8 28 49 84 16 31 53 76 63 82 98 60 21 6 54 88 38 83 7 32 66 92 87 57 44 18 34 72 25 86 75 79 30 52 40 77 71 51 29 9 45 80 27 36 11 48 65 43 95 5 41 39 15 22 47 50 4 55 62 97 94 68 13 85 90 26 78 37 10 
8 | 0,724621 | 138.003 | 58 56 89 74 1 33 14 67 99 2 70 73 64 35 91 23 19 20 100 61 24 59 81 17 3 93 96 46 42 69 12 8 28 49 84 16 31 53 76 63 82 98 60 21 6 54 88 38 83 7 32 66 92 87 57 44 18 34 72 25 86 75 79 30 52 40 77 71 51 29 9 45 80 27 36 11 48 65 43 95 5 41 39 15 22 47 50 4 55 62 97 94 68 13 85 90 26 78 37 10 
9 | 0,743484 | 134.502 | 58 56 89 74 1 33 14 67 99 2 70 73 64 35 91 23 19 20 100 61 24 59 81 17 3 93 96 46 42 69 12 8 28 49 84 16 31 53 76 63 82 98 60 21 6 54 88 38 83 7 32 66 92 87 57 44 18 34 72 25 86 43 79 30 52 40 77 71 90 29 9 45 80 27 36 11 48 65 75 95 5 41 39 15 22 47 50 4 55 62 97 94 68 13 85 51 26 78 37 10 
10 | 0,743484 | 134.502 | 58 56 89 74 1 33 14 67 99 2 70 73 64 35 91 23 19 20 100 61 24 59 81 17 3 93 96 46 42 69 12 8 28 49 84 16 31 53 76 63 82 98 60 21 6 54 88 38 83 7 32 66 92 87 57 44 18 34 72 25 86 43 79 30 52 40 77 71 90 29 9 45 80 27 36 11 48 65 75 95 5 41 39 15 22 47 50 4 55 62 97 94 68 13 85 51 26 78 37 10 
11 | 0,743484 | 134.502 | 58 56 89 74 1 33 14 67 99 2 70 73 64 35 91 23 19 20 100 61 24 59 81 17 3 93 96 46 42 69 12 8 28 49 84 16 31 53 76 63 82 98 60 21 6 54 88 38 83 7 32 66 92 87 57 44 18 34 72 25 86 43 79 30 52 40 77 71 90 29 9 45 80 27 36 11 48 65 75 95 5 41 39 15 22 47 50 4 55 62 97 94 68 13 85 51 26 78 37 10 
12 | 0,7573 | 132.048 | 11 74 4 57 67 6 66 41 80 77 90 88 25 73 7 14 28 95 40 56 55 32 21 70 83 30 17 42 89 91 3 13 5 23 75 8 68 29 16 12 48 97 69 27 46 99 2 85 31 26 63 100 49 52 45 18 10 84 37 93 53 43 98 79 15 35 76 59 64 19 81 47 87 36 78 1 44 72 9 96 92 82 65 38 20 62 54 94 58 71 86 60 34 22 39 33 50 24 61 51 
13 | 0,7573 | 132.048 | 11 74 4 57 67 6 66 41 80 77 90 88 25 73 7 14 28 95 40 56 55 32 21 70 83 30 17 42 89 91 3 13 5 23 75 8 68 29 16 12 48 97 69 27 46 99 2 85 31 26 63 100 49 52 45 18 10 84 37 93 53 43 98 79 15 35 76 59 64 19 81 47 87 36 78 1 44 72 9 96 92 82 65 38 20 62 54 94 58 71 86 60 34 22 39 33 50 24 61 51 
14 | 0,7573 | 132.048 | 11 74 4 57 67 6 66 41 80 77 90 88 25 73 7 14 28 95 40 56 55 32 21 70 83 30 17 42 89 91 3 13 5 23 75 8 68 29 16 12 48 97 69 27 46 99 2 85 31 26 63 100 49 52 45 18 10 84 37 93 53 43 98 79 15 35 76 59 64 19 81 47 87 36 78 1 44 72 9 96 92 82 65 38 20 62 54 94 58 71 86 60 34 22 39 33 50 24 61 51 
15 | 0,7573 | 132.048 | 11 74 4 57 67 6 66 41 80 77 90 88 25 73 7 14 28 95 40 56 55 32 21 70 83 30 17 42 89 91 3 13 5 23 75 8 68 29 16 12 48 97 69 27 46 99 2 85 31 26 63 100 49 52 45 18 10 84 37 93 53 43 98 79 15 35 76 59 64 19 81 47 87 36 78 1 44 72 9 96 92 82 65 38 20 62 54 94 58 71 86 60 34 22 39 33 50 24 61 51 
16 | 0,768976 | 130.043 | 80 67 3 84 69 62 38 56 93 33 96 57 72 86 43 20 25 28 1 11 92 70 75 55 54 24 16 74 17 29 4 26 47 58 68 39 37 46 15 36 73 59 12 18 51 63 49 48 100 94 6 31 77 91 35 87 44 81 78 7 65 13 30 50 27 66 8 34 76 89 82 42 9 10 97 90 95 71 45 19 23 99 60 64 40 41 79 88 83 5 98 2 85 22 21 14 61 52 53 32 
17 | 0,768976 | 130.043 | 80 67 3 84 69 62 38 56 93 33 96 57 72 86 43 20 25 28 1 11 92 70 75 55 54 24 16 74 17 29 4 26 47 58 68 39 37 46 15 36 73 59 12 18 51 63 49 48 100 94 6 31 77 91 35 87 44 81 78 7 65 13 30 50 27 66 8 34 76 89 82 42 9 10 97 90 95 71 45 19 23 99 60 64 40 41 79 88 83 5 98 2 85 22 21 14 61 52 53 32 
18 | 0,768976 | 130.043 | 80 67 3 84 69 62 38 56 93 33 96 57 72 86 43 20 25 28 1 11 92 70 75 55 54 24 16 74 17 29 4 26 47 58 68 39 37 46 15 36 73 59 12 18 51 63 49 48 100 94 6 31 77 91 35 87 44 81 78 7 65 13 30 50 27 66 8 34 76 89 82 42 9 10 97 90 95 71 45 19 23 99 60 64 40 41 79 88 83 5 98 2 85 22 21 14 61 52 53 32 
19 | 0,774273 | 129.153 | 58 56 89 74 10 33 14 40 99 41 17 73 64 35 91 23 19 20 100 61 24 59 92 70 76 93 96 46 42 69 12 8 28 49 84 16 31 53 3 63 67 98 60 21 6 54 88 38 83 7 32 66 81 87 57 44 18 34 72 25 86 75 71 30 52 82 77 79 51 29 9 45 80 27 36 11 48 65 43 95 5 2 39 15 22 47 50 4 55 62 97 94 68 13 85 90 26 78 37 1 
20 | 0,784806 | 127.420 | 58 56 89 74 10 33 14 40 99 2 70 73 64 31 91 23 19 20 71 61 24 59 92 72 3 93 96 46 42 69 12 8 28 49 84 16 35 30 76 63 67 98 80 21 6 54 55 38 83 7 32 66 81 87 57 44 18 34 17 25 86 75 79 53 52 82 77 100 51 29 9 45 60 27 36 11 48 65 43 95 5 41 39 15 22 47 50 4 88 62 97 94 68 13 85 90 26 78 37 1 
21 | 0,788302 | 126.855 | 58 56 89 74 10 33 14 40 99 41 70 73 64 35 91 23 19 20 100 61 24 59 62 17 76 93 96 46 42 69 12 8 28 49 84 16 31 53 3 63 67 98 60 21 6 54 88 38 83 7 32 66 81 87 57 44 27 34 72 25 86 75 71 30 52 82 77 79 51 29 9 45 80 18 36 11 48 65 43 95 5 2 39 15 22 47 50 4 55 92 97 94 68 13 85 90 26 78 37 1 
22 | 0,799818 | 125.028 | 58 56 89 74 10 33 14 40 99 41 70 73 64 35 91 23 19 20 100 61 24 59 62 17 76 93 96 46 42 69 12 8 28 49 84 16 31 53 3 63 67 27 60 21 6 54 88 38 83 7 32 66 81 87 57 44 98 34 72 25 86 75 71 30 52 82 77 79 51 29 9 45 80 18 36 11 48 65 43 95 5 2 39 15 22 47 50 4 55 92 97 94 68 13 85 90 26 78 37 1 
23 | 0,799818 | 125.028 | 58 56 89 74 10 33 14 40 99 41 70 73 64 35 91 23 19 20 100 61 24 59 62 17 76 93 96 46 42 69 12 8 28 49 84 16 31 53 3 63 67 27 60 21 6 54 88 38 83 7 32 66 81 87 57 44 98 34 72 25 86 75 71 30 52 82 77 79 51 29 9 45 80 18 36 11 48 65 43 95 5 2 39 15 22 47 50 4 55 92 97 94 68 13 85 90 26 78 37 1 
24 | 0,809962 | 123.463 | 58 56 89 74 10 33 14 40 99 41 70 73 64 35 91 23 19 20 12 61 24 59 62 17 76 93 96 46 42 69 100 8 28 49 84 16 31 53 3 63 67 27 60 21 6 54 88 38 83 7 32 66 81 87 57 44 98 34 72 25 86 75 71 30 52 82 77 79 51 29 9 45 80 18 36 11 48 65 43 95 5 2 39 15 22 47 50 4 55 92 97 94 68 13 85 90 26 78 37 1 
25 | 0,811214 | 123.272 | 58 56 89 74 10 33 14 40 99 41 70 6 64 35 91 23 19 20 12 61 24 59 62 17 76 93 96 46 42 69 100 8 28 49 84 16 31 53 3 63 67 27 60 21 73 54 88 38 83 7 32 66 81 87 57 44 98 34 72 25 86 75 71 30 52 82 77 79 51 29 9 45 80 18 36 11 48 65 43 95 5 2 39 15 22 47 50 4 55 92 97 94 68 13 85 90 26 78 37 1 
26 | 0,819445 | 122.034 | 58 56 89 74 10 33 14 40 99 41 70 73 64 35 91 23 19 20 100 61 24 59 62 17 76 93 96 46 42 69 12 8 28 49 84 16 31 53 3 63 67 27 60 21 6 54 88 38 83 7 32 66 81 87 57 44 15 22 72 25 86 75 71 30 52 82 77 79 51 29 9 45 80 18 36 11 48 65 43 95 5 2 39 98 34 47 50 4 55 92 97 94 68 13 85 90 26 78 37 1 
27 | 0,81987 | 121.971 | 58 56 89 74 10 87 14 40 99 41 70 73 64 35 91 23 19 20 100 61 24 59 62 17 76 93 96 46 42 69 12 8 28 49 84 16 31 53 3 63 67 27 60 21 6 54 88 38 83 7 32 66 81 33 57 44 15 22 72 25 86 75 71 30 52 82 77 79 51 29 9 45 80 18 36 11 48 65 43 95 5 2 39 98 34 47 50 4 55 92 97 94 68 13 85 90 26 78 37 1 
28 | 0,81987 | 121.971 | 58 56 89 74 10 87 14 40 99 41 70 73 64 35 91 23 19 20 100 61 24 59 62 17 76 93 96 46 42 69 12 8 28 49 84 16 31 53 3 63 67 27 60 21 6 54 88 38 83 7 32 66 81 33 57 44 15 22 72 25 86 75 71 30 52 82 77 79 51 29 9 45 80 18 36 11 48 65 43 95 5 2 39 98 34 47 50 4 55 92 97 94 68 13 85 90 26 78 37 1 
29 | 0,827463 | 120.851 | 58 56 64 74 10 33 14 40 99 41 70 73 89 35 91 23 19 20 100 61 24 59 62 17 76 93 96 46 42 69 12 8 28 49 84 16 31 53 3 63 67 27 60 21 6 54 88 38 83 7 32 66 81 87 57 44 15 22 72 25 86 75 71 30 52 82 77 79 51 29 9 45 80 18 36 11 48 65 43 95 5 2 39 98 34 47 50 4 55 92 97 94 68 13 85 90 26 78 37 1 
30 | 0,827463 | 120.851 | 58 56 64 74 10 33 14 40 99 41 70 73 89 35 91 23 19 20 100 61 24 59 62 17 76 93 96 46 42 69 12 8 28 49 84 16 31 53 3 63 67 27 60 21 6 54 88 38 83 7 32 66 81 87 57 44 15 22 72 25 86 75 71 30 52 82 77 79 51 29 9 45 80 18 36 11 48 65 43 95 5 2 39 98 34 47 50 4 55 92 97 94 68 13 85 90 26 78 37 1 
31 | 0,827463 | 120.851 | 58 56 64 74 10 33 14 40 99 41 70 73 89 35 91 23 19 20 100 61 24 59 62 17 76 93 96 46 42 69 12 8 28 49 84 16 31 53 3 63 67 27 60 21 6 54 88 38 83 7 32 66 81 87 57 44 15 22 72 25 86 75 71 30 52 82 77 79 51 29 9 45 80 18 36 11 48 65 43 95 5 2 39 98 34 47 50 4 55 92 97 94 68 13 85 90 26 78 37 1 
32 | 0,827463 | 120.851 | 58 56 64 74 10 33 14 40 99 41 70 73 89 35 91 23 19 20 100 61 24 59 62 17 76 93 96 46 42 69 12 8 28 49 84 16 31 53 3 63 67 27 60 21 6 54 88 38 83 7 32 66 81 87 57 44 15 22 72 25 86 75 71 30 52 82 77 79 51 29 9 45 80 18 36 11 48 65 43 95 5 2 39 98 34 47 50 4 55 92 97 94 68 13 85 90 26 78 37 1 
33 | 0,828159 | 120.750 | 58 56 89 74 10 33 14 40 99 41 70 73 64 35 91 23 19 20 100 61 24 59 62 17 76 93 96 46 42 69 12 8 28 65 84 16 31 53 3 63 67 27 60 21 6 54 88 38 83 7 32 49 81 87 57 44 15 22 72 25 86 75 71 30 52 82 77 79 51 29 9 45 80 18 36 11 48 66 43 5 95 2 39 98 34 47 50 4 55 92 97 94 68 13 85 90 26 78 37 1 
34 | 0,828834 | 120.651 | 58 56 64 74 10 33 14 40 99 41 70 73 89 35 91 23 19 20 100 61 24 59 62 17 76 93 96 46 42 69 12 8 34 49 84 16 31 53 3 63 67 27 60 21 6 54 88 38 83 7 32 66 81 87 57 44 15 22 72 25 86 75 71 30 52 82 77 79 51 29 9 45 80 18 36 11 48 65 43 95 5 2 39 98 28 47 50 4 55 92 97 94 68 13 85 90 26 78 37 1 
35 | 0,84511 | 118.328 | 58 56 64 74 10 33 14 40 99 41 70 73 89 35 91 23 19 20 100 61 24 59 62 17 76 93 96 46 42 69 12 8 34 49 84 16 31 53 3 63 67 27 60 21 6 54 88 38 83 7 32 66 81 87 57 44 15 22 72 25 86 75 71 30 52 82 77 79 51 29 9 45 80 18 36 11 48 65 43 95 5 2 39 98 28 47 50 4 85 92 97 94 68 13 55 90 26 78 37 1 
36 | 0,84511 | 118.328 | 58 56 64 74 10 33 14 40 99 41 70 73 89 35 91 23 19 20 100 61 24 59 62 17 76 93 96 46 42 69 12 8 34 49 84 16 31 53 3 63 67 27 60 21 6 54 88 38 83 7 32 66 81 87 57 44 15 22 72 25 86 75 71 30 52 82 77 79 51 29 9 45 80 18 36 11 48 65 43 95 5 2 39 98 28 47 50 4 85 92 97 94 68 13 55 90 26 78 37 1 
37 | 0,84511 | 118.328 | 58 56 64 74 10 33 14 40 99 41 70 73 89 35 91 23 19 20 100 61 24 59 62 17 76 93 96 46 42 69 12 8 34 49 84 16 31 53 3 63 67 27 60 21 6 54 88 38 83 7 32 66 81 87 57 44 15 22 72 25 86 75 71 30 52 82 77 79 51 29 9 45 80 18 36 11 48 65 43 95 5 2 39 98 28 47 50 4 85 92 97 94 68 13 55 90 26 78 37 1 
38 | 0,84511 | 118.328 | 58 56 64 74 10 33 14 40 99 41 70 73 89 35 91 23 19 20 100 61 24 59 62 17 76 93 96 46 42 69 12 8 34 49 84 16 31 53 3 63 67 27 60 21 6 54 88 38 83 7 32 66 81 87 57 44 15 22 72 25 86 75 71 30 52 82 77 79 51 29 9 45 80 18 36 11 48 65 43 95 5 2 39 98 28 47 50 4 85 92 97 94 68 13 55 90 26 78 37 1 
39 | 0,84511 | 118.328 | 58 56 64 74 10 33 14 40 99 41 70 73 89 35 91 23 19 20 100 61 24 59 62 17 76 93 96 46 42 69 12 8 34 49 84 16 31 53 3 63 67 27 60 21 6 54 88 38 83 7 32 66 81 87 57 44 15 22 72 25 86 75 71 30 52 82 77 79 51 29 9 45 80 18 36 11 48 65 43 95 5 2 39 98 28 47 50 4 85 92 97 94 68 13 55 90 26 78 37 1 
40 | 0,853274 | 117.196 | 58 56 64 74 10 33 14 40 99 41 70 73 89 35 91 23 19 20 100 61 24 59 62 17 76 93 96 46 42 69 12 8 34 49 84 16 31 50 3 63 67 27 60 21 6 54 88 38 83 7 32 66 81 87 57 44 15 22 72 25 86 75 71 30 52 82 77 79 51 29 9 45 80 18 36 11 48 65 43 95 5 2 39 98 28 47 53 4 85 92 97 94 68 13 55 90 26 78 37 1 
41 | 0,853274 | 117.196 | 58 56 64 74 10 33 14 40 99 41 70 73 89 35 91 23 19 20 100 61 24 59 62 17 76 93 96 46 42 69 12 8 34 49 84 16 31 50 3 63 67 27 60 21 6 54 88 38 83 7 32 66 81 87 57 44 15 22 72 25 86 75 71 30 52 82 77 79 51 29 9 45 80 18 36 11 48 65 43 95 5 2 39 98 28 47 53 4 85 92 97 94 68 13 55 90 26 78 37 1 
42 | 0,853274 | 117.196 | 58 56 64 74 10 33 14 40 99 41 70 73 89 35 91 23 19 20 100 61 24 59 62 17 76 93 96 46 42 69 12 8 34 49 84 16 31 50 3 63 67 27 60 21 6 54 88 38 83 7 32 66 81 87 57 44 15 22 72 25 86 75 71 30 52 82 77 79 51 29 9 45 80 18 36 11 48 65 43 95 5 2 39 98 28 47 53 4 85 92 97 94 68 13 55 90 26 78 37 1 
43 | 0,853274 | 117.196 | 58 56 64 74 10 33 14 40 99 41 70 73 89 35 91 23 19 20 100 61 24 59 62 17 76 93 96 46 42 69 12 8 34 49 84 16 31 50 3 63 67 27 60 21 6 54 88 38 83 7 32 66 81 87 57 44 15 22 72 25 86 75 71 30 52 82 77 79 51 29 9 45 80 18 36 11 48 65 43 95 5 2 39 98 28 47 53 4 85 92 97 94 68 13 55 90 26 78 37 1 
44 | 0,853274 | 117.196 | 58 56 64 74 10 33 14 40 99 41 70 73 89 35 91 23 19 20 100 61 24 59 62 17 76 93 96 46 42 69 12 8 34 49 84 16 31 50 3 63 67 27 60 21 6 54 88 38 83 7 32 66 81 87 57 44 15 22 72 25 86 75 71 30 52 82 77 79 51 29 9 45 80 18 36 11 48 65 43 95 5 2 39 98 28 47 53 4 85 92 97 94 68 13 55 90 26 78 37 1 
45 | 0,853274 | 117.196 | 58 56 64 74 10 33 14 40 99 41 70 73 89 35 91 23 19 20 100 61 24 59 62 17 76 93 96 46 42 69 12 8 34 49 84 16 31 50 3 63 67 27 60 21 6 54 88 38 83 7 32 66 81 87 57 44 15 22 72 25 86 75 71 30 52 82 77 79 51 29 9 45 80 18 36 11 48 65 43 95 5 2 39 98 28 47 53 4 85 92 97 94 68 13 55 90 26 78 37 1 
46 | 0,853274 | 117.196 | 58 56 64 74 10 33 14 40 99 41 70 73 89 35 91 23 19 20 100 61 24 59 62 17 76 93 96 46 42 69 12 8 34 49 84 16 31 50 3 63 67 27 60 21 6 54 88 38 83 7 32 66 81 87 57 44 15 22 72 25 86 75 71 30 52 82 77 79 51 29 9 45 80 18 36 11 48 65 43 95 5 2 39 98 28 47 53 4 85 92 97 94 68 13 55 90 26 78 37 1 
47 | 0,853274 | 117.196 | 58 56 64 74 10 33 14 40 99 41 70 73 89 35 91 23 19 20 100 61 24 59 62 17 76 93 96 46 42 69 12 8 34 49 84 16 31 50 3 63 67 27 60 21 6 54 88 38 83 7 32 66 81 87 57 44 15 22 72 25 86 75 71 30 52 82 77 79 51 29 9 45 80 18 36 11 48 65 43 95 5 2 39 98 28 47 53 4 85 92 97 94 68 13 55 90 26 78 37 1 
48 | 0,853274 | 117.196 | 58 56 64 74 10 33 14 40 99 41 70 73 89 35 91 23 19 20 100 61 24 59 62 17 76 93 96 46 42 69 12 8 34 49 84 16 31 50 3 63 67 27 60 21 6 54 88 38 83 7 32 66 81 87 57 44 15 22 72 25 86 75 71 30 52 82 77 79 51 29 9 45 80 18 36 11 48 65 43 95 5 2 39 98 28 47 53 4 85 92 97 94 68 13 55 90 26 78 37 1 
49 | 0,853274 | 117.196 | 58 56 64 74 10 33 14 40 99 41 70 73 89 35 91 23 19 20 100 61 24 59 62 17 76 93 96 46 42 69 12 8 34 49 84 16 31 50 3 63 67 27 60 21 6 54 88 38 83 7 32 66 81 87 57 44 15 22 72 25 86 75 71 30 52 82 77 79 51 29 9 45 80 18 36 11 48 65 43 95 5 2 39 98 28 47 53 4 85 92 97 94 68 13 55 90 26 78 37 1 
50 | 0,862504 | 115.942 | 58 56 64 74 81 33 14 40 99 41 70 73 89 35 91 23 93 20 100 61 24 59 62 17 76 87 96 46 42 69 12 8 34 49 84 16 31 53 3 63 67 27 60 21 6 54 88 38 83 7 32 66 10 19 57 44 15 22 72 25 86 75 71 30 52 82 77 79 51 29 9 45 80 18 36 11 48 65 43 95 5 2 39 98 28 47 50 4 85 92 97 94 68 13 55 90 26 78 37 1 
51 | 0,862504 | 115.942 | 58 56 64 74 81 33 14 40 99 41 70 73 89 35 91 23 93 20 100 61 24 59 62 17 76 87 96 46 42 69 12 8 34 49 84 16 31 53 3 63 67 27 60 21 6 54 88 38 83 7 32 66 10 19 57 44 15 22 72 25 86 75 71 30 52 82 77 79 51 29 9 45 80 18 36 11 48 65 43 95 5 2 39 98 28 47 50 4 85 92 97 94 68 13 55 90 26 78 37 1 
52 | 0,87089 | 114.825 | 58 56 64 74 10 33 14 40 99 41 70 73 89 35 91 23 93 20 100 61 24 59 62 17 76 87 96 46 42 69 12 8 34 49 84 16 31 53 3 85 67 27 60 21 6 54 88 38 83 7 32 66 81 19 57 44 15 22 72 25 86 75 71 30 52 82 77 79 51 29 9 45 80 18 36 11 48 65 43 95 5 2 39 98 28 47 50 4 63 92 97 94 68 13 55 90 26 78 37 1 
53 | 0,87089 | 114.825 | 58 56 64 74 10 33 14 40 99 41 70 73 89 35 91 23 93 20 100 61 24 59 62 17 76 87 96 46 42 69 12 8 34 49 84 16 31 53 3 85 67 27 60 21 6 54 88 38 83 7 32 66 81 19 57 44 15 22 72 25 86 75 71 30 52 82 77 79 51 29 9 45 80 18 36 11 48 65 43 95 5 2 39 98 28 47 50 4 63 92 97 94 68 13 55 90 26 78 37 1 
54 | 0,87231 | 114.638 | 58 56 64 74 10 33 14 40 99 41 70 73 89 35 91 23 93 20 100 61 24 59 62 17 76 87 96 15 42 69 12 8 34 49 84 16 31 53 3 85 67 27 60 21 6 54 88 38 83 7 32 66 81 19 57 44 46 22 72 25 86 75 71 30 52 82 77 79 51 29 9 45 80 18 36 11 48 65 43 95 5 2 39 98 28 47 50 4 63 92 97 94 68 13 55 90 26 78 37 1 
55 | 0,87231 | 114.638 | 58 56 64 74 10 33 14 40 99 41 70 73 89 35 91 23 93 20 100 61 24 59 62 17 76 87 96 15 42 69 12 8 34 49 84 16 31 53 3 85 67 27 60 21 6 54 88 38 83 7 32 66 81 19 57 44 46 22 72 25 86 75 71 30 52 82 77 79 51 29 9 45 80 18 36 11 48 65 43 95 5 2 39 98 28 47 50 4 63 92 97 94 68 13 55 90 26 78 37 1 
56 | 0,875543 | 114.215 | 58 56 22 74 10 33 14 40 99 41 70 73 89 35 91 23 93 20 100 61 24 59 62 17 76 87 96 15 42 69 12 8 34 49 84 16 31 53 3 85 67 27 60 21 6 54 88 38 83 7 32 66 81 19 57 44 46 64 72 25 86 75 71 30 52 82 77 79 51 29 9 45 80 18 36 11 48 65 43 95 5 2 39 98 28 47 50 4 63 92 97 94 68 13 55 90 26 78 37 1 
57 | 0,875543 | 114.215 | 58 56 22 74 10 33 14 40 99 41 70 73 89 35 91 23 93 20 100 61 24 59 62 17 76 87 96 15 42 69 12 8 34 49 84 16 31 53 3 85 67 27 60 21 6 54 88 38 83 7 32 66 81 19 57 44 46 64 72 25 86 75 71 30 52 82 77 79 51 29 9 45 80 18 36 11 48 65 43 95 5 2 39 98 28 47 50 4 63 92 97 94 68 13 55 90 26 78 37 1 
58 | 0,875543 | 114.215 | 58 56 22 74 10 33 14 40 99 41 70 73 89 35 91 23 93 20 100 61 24 59 62 17 76 87 96 15 42 69 12 8 34 49 84 16 31 53 3 85 67 27 60 21 6 54 88 38 83 7 32 66 81 19 57 44 46 64 72 25 86 75 71 30 52 82 77 79 51 29 9 45 80 18 36 11 48 65 43 95 5 2 39 98 28 47 50 4 63 92 97 94 68 13 55 90 26 78 37 1 
59 | 0,889025 | 112.483 | 58 56 64 93 10 33 14 96 99 41 70 73 89 35 91 23 19 20 18 61 24 59 62 17 76 3 40 46 42 90 12 8 34 49 84 16 31 50 74 63 67 27 60 21 6 28 88 38 83 7 32 66 81 87 57 44 15 22 72 25 86 75 71 30 52 82 77 79 51 29 9 45 80 100 36 11 48 65 43 95 5 2 39 98 54 47 53 4 85 92 97 94 68 13 55 69 26 78 37 1 
60 | 0,889025 | 112.483 | 58 56 64 93 10 33 14 96 99 41 70 73 89 35 91 23 19 20 18 61 24 59 62 17 76 3 40 46 42 90 12 8 34 49 84 16 31 50 74 63 67 27 60 21 6 28 88 38 83 7 32 66 81 87 57 44 15 22 72 25 86 75 71 30 52 82 77 79 51 29 9 45 80 100 36 11 48 65 43 95 5 2 39 98 54 47 53 4 85 92 97 94 68 13 55 69 26 78 37 1 
61 | 0,889025 | 112.483 | 58 56 64 93 10 33 14 96 99 41 70 73 89 35 91 23 19 20 18 61 24 59 62 17 76 3 40 46 42 90 12 8 34 49 84 16 31 50 74 63 67 27 60 21 6 28 88 38 83 7 32 66 81 87 57 44 15 22 72 25 86 75 71 30 52 82 77 79 51 29 9 45 80 100 36 11 48 65 43 95 5 2 39 98 54 47 53 4 85 92 97 94 68 13 55 69 26 78 37 1 
62 | 0,891559 | 112.163 | 58 56 64 93 10 33 14 96 99 41 70 73 89 35 91 23 19 20 18 61 24 59 62 34 76 3 40 46 42 90 12 8 17 49 84 16 31 50 74 63 67 27 60 21 6 28 88 38 83 7 32 66 81 87 57 44 15 22 72 25 86 75 71 30 52 82 77 79 51 29 9 45 80 100 36 11 48 65 43 95 5 2 39 98 54 47 53 4 85 92 97 94 68 13 55 69 26 78 37 1 
63 | 0,891559 | 112.163 | 58 56 64 93 10 33 14 96 99 41 70 73 89 35 91 23 19 20 18 61 24 59 62 34 76 3 40 46 42 90 12 8 17 49 84 16 31 50 74 63 67 27 60 21 6 28 88 38 83 7 32 66 81 87 57 44 15 22 72 25 86 75 71 30 52 82 77 79 51 29 9 45 80 100 36 11 48 65 43 95 5 2 39 98 54 47 53 4 85 92 97 94 68 13 55 69 26 78 37 1 
64 | 0,891559 | 112.163 | 58 56 64 93 10 33 14 96 99 41 70 73 89 35 91 23 19 20 18 61 24 59 62 34 76 3 40 46 42 90 12 8 17 49 84 16 31 50 74 63 67 27 60 21 6 28 88 38 83 7 32 66 81 87 57 44 15 22 72 25 86 75 71 30 52 82 77 79 51 29 9 45 80 100 36 11 48 65 43 95 5 2 39 98 54 47 53 4 85 92 97 94 68 13 55 69 26 78 37 1 
65 | 0,891559 | 112.163 | 58 56 64 93 10 33 14 96 99 41 70 73 89 35 91 23 19 20 18 61 24 59 62 34 76 3 40 46 42 90 12 8 17 49 84 16 31 50 74 63 67 27 60 21 6 28 88 38 83 7 32 66 81 87 57 44 15 22 72 25 86 75 71 30 52 82 77 79 51 29 9 45 80 100 36 11 48 65 43 95 5 2 39 98 54 47 53 4 85 92 97 94 68 13 55 69 26 78 37 1 
66 | 0,891559 | 112.163 | 58 56 64 93 10 33 14 96 99 41 70 73 89 35 91 23 19 20 18 61 24 59 62 34 76 3 40 46 42 90 12 8 17 49 84 16 31 50 74 63 67 27 60 21 6 28 88 38 83 7 32 66 81 87 57 44 15 22 72 25 86 75 71 30 52 82 77 79 51 29 9 45 80 100 36 11 48 65 43 95 5 2 39 98 54 47 53 4 85 92 97 94 68 13 55 69 26 78 37 1 
67 | 0,891642 | 112.153 | 58 56 93 74 10 33 14 40 99 41 70 73 89 35 91 23 22 20 100 61 7 59 62 17 76 87 96 15 42 69 12 8 34 11 84 16 3 53 31 85 67 27 60 21 6 54 88 38 83 24 32 66 81 19 57 44 46 64 72 25 86 75 71 30 52 26 77 79 51 29 9 45 80 18 36 49 48 65 43 95 5 2 39 98 28 47 50 4 63 92 97 94 68 13 55 90 82 78 37 1 
68 | 0,891642 | 112.153 | 58 56 93 74 10 33 14 40 99 41 70 73 89 35 91 23 22 20 100 61 7 59 62 17 76 87 96 15 42 69 12 8 34 11 84 16 3 53 31 85 67 27 60 21 6 54 88 38 83 24 32 66 81 19 57 44 46 64 72 25 86 75 71 30 52 26 77 79 51 29 9 45 80 18 36 49 48 65 43 95 5 2 39 98 28 47 50 4 63 92 97 94 68 13 55 90 82 78 37 1 
69 | 0,901428 | 110.935 | 58 56 64 93 10 33 14 96 99 41 70 73 89 35 91 23 19 20 18 61 24 59 62 34 76 3 40 46 42 90 12 8 17 49 84 16 31 50 74 63 67 27 60 21 6 75 88 38 83 7 32 66 81 87 57 44 15 22 72 25 86 28 71 30 52 82 77 79 51 29 9 45 80 100 36 11 48 65 43 95 5 2 39 98 54 47 53 4 85 92 97 94 68 13 55 69 26 78 37 1 
70 | 0,901428 | 110.935 | 58 56 64 93 10 33 14 96 99 41 70 73 89 35 91 23 19 20 18 61 24 59 62 34 76 3 40 46 42 90 12 8 17 49 84 16 31 50 74 63 67 27 60 21 6 75 88 38 83 7 32 66 81 87 57 44 15 22 72 25 86 28 71 30 52 82 77 79 51 29 9 45 80 100 36 11 48 65 43 95 5 2 39 98 54 47 53 4 85 92 97 94 68 13 55 69 26 78 37 1 
71 | 0,903846 | 110.638 | 58 56 64 93 10 33 14 96 99 41 70 73 89 35 91 23 19 20 18 61 24 59 62 34 76 3 40 46 42 90 12 8 17 49 84 16 31 50 74 63 48 27 60 21 6 75 88 38 83 7 32 66 81 87 57 44 15 22 72 25 86 28 71 30 52 82 77 79 51 29 9 45 80 100 36 11 67 65 43 95 5 2 39 98 54 47 53 4 85 92 97 94 68 13 55 69 26 78 37 1 
72 | 0,906188 | 110.352 | 58 56 64 93 10 33 14 96 99 41 70 73 89 35 91 23 19 20 18 61 24 59 50 34 76 94 40 46 42 90 12 8 17 49 84 16 31 62 74 63 67 27 60 21 6 28 88 38 83 7 32 66 81 87 57 44 15 22 72 25 86 75 71 30 52 82 77 79 51 29 9 45 80 100 36 11 48 65 43 95 5 2 39 98 54 47 53 4 85 92 97 3 68 13 55 69 26 78 37 1 
73 | 0,915656 | 109.211 | 58 56 64 93 10 33 14 96 99 41 70 73 89 35 91 23 19 20 18 61 24 59 50 71 76 94 40 46 42 90 12 8 17 49 84 16 31 62 74 63 67 27 60 21 6 28 88 38 83 7 32 66 81 87 57 44 15 22 72 25 86 75 34 30 52 82 77 79 51 29 9 45 80 100 36 11 48 65 43 95 5 2 39 98 54 47 53 4 85 92 97 3 68 13 55 69 26 78 37 1 
74 | 0,915656 | 109.211 | 58 56 64 93 10 33 14 96 99 41 70 73 89 35 91 23 19 20 18 61 24 59 50 71 76 94 40 46 42 90 12 8 17 49 84 16 31 62 74 63 67 27 60 21 6 28 88 38 83 7 32 66 81 87 57 44 15 22 72 25 86 75 34 30 52 82 77 79 51 29 9 45 80 100 36 11 48 65 43 95 5 2 39 98 54 47 53 4 85 92 97 3 68 13 55 69 26 78 37 1 
75 | 0,915656 | 109.211 | 58 56 64 93 10 33 14 96 99 41 70 73 89 35 91 23 19 20 18 61 24 59 50 71 76 94 40 46 42 90 12 8 17 49 84 16 31 62 74 63 67 27 60 21 6 28 88 38 83 7 32 66 81 87 57 44 15 22 72 25 86 75 34 30 52 82 77 79 51 29 9 45 80 100 36 11 48 65 43 95 5 2 39 98 54 47 53 4 85 92 97 3 68 13 55 69 26 78 37 1 
76 | 0,915656 | 109.211 | 58 56 64 93 10 33 14 96 99 41 70 73 89 35 91 23 19 20 18 61 24 59 50 71 76 94 40 46 42 90 12 8 17 49 84 16 31 62 74 63 67 27 60 21 6 28 88 38 83 7 32 66 81 87 57 44 15 22 72 25 86 75 34 30 52 82 77 79 51 29 9 45 80 100 36 11 48 65 43 95 5 2 39 98 54 47 53 4 85 92 97 3 68 13 55 69 26 78 37 1 
77 | 0,915656 | 109.211 | 58 56 64 93 10 33 14 96 99 41 70 73 89 35 91 23 19 20 18 61 24 59 50 71 76 94 40 46 42 90 12 8 17 49 84 16 31 62 74 63 67 27 60 21 6 28 88 38 83 7 32 66 81 87 57 44 15 22 72 25 86 75 34 30 52 82 77 79 51 29 9 45 80 100 36 11 48 65 43 95 5 2 39 98 54 47 53 4 85 92 97 3 68 13 55 69 26 78 37 1 
78 | 0,915656 | 109.211 | 58 56 64 93 10 33 14 96 99 41 70 73 89 35 91 23 19 20 18 61 24 59 50 71 76 94 40 46 42 90 12 8 17 49 84 16 31 62 74 63 67 27 60 21 6 28 88 38 83 7 32 66 81 87 57 44 15 22 72 25 86 75 34 30 52 82 77 79 51 29 9 45 80 100 36 11 48 65 43 95 5 2 39 98 54 47 53 4 85 92 97 3 68 13 55 69 26 78 37 1 
79 | 0,915656 | 109.211 | 58 56 64 93 10 33 14 96 99 41 70 73 89 35 91 23 19 20 18 61 24 59 50 71 76 94 40 46 42 90 12 8 17 49 84 16 31 62 74 63 67 27 60 21 6 28 88 38 83 7 32 66 81 87 57 44 15 22 72 25 86 75 34 30 52 82 77 79 51 29 9 45 80 100 36 11 48 65 43 95 5 2 39 98 54 47 53 4 85 92 97 3 68 13 55 69 26 78 37 1 
80 | 0,915656 | 109.211 | 58 56 64 93 10 33 14 96 99 41 70 73 89 35 91 23 19 20 18 61 24 59 50 71 76 94 40 46 42 90 12 8 17 49 84 16 31 62 74 63 67 27 60 21 6 28 88 38 83 7 32 66 81 87 57 44 15 22 72 25 86 75 34 30 52 82 77 79 51 29 9 45 80 100 36 11 48 65 43 95 5 2 39 98 54 47 53 4 85 92 97 3 68 13 55 69 26 78 37 1 
81 | 0,915656 | 109.211 | 58 56 64 93 10 33 14 96 99 41 70 73 89 35 91 23 19 20 18 61 24 59 50 71 76 94 40 46 42 90 12 8 17 49 84 16 31 62 74 63 67 27 60 21 6 28 88 38 83 7 32 66 81 87 57 44 15 22 72 25 86 75 34 30 52 82 77 79 51 29 9 45 80 100 36 11 48 65 43 95 5 2 39 98 54 47 53 4 85 92 97 3 68 13 55 69 26 78 37 1 
82 | 0,915656 | 109.211 | 58 56 64 93 10 33 14 96 99 41 70 73 89 35 91 23 19 20 18 61 24 59 50 71 76 94 40 46 42 90 12 8 17 49 84 16 31 62 74 63 67 27 60 21 6 28 88 38 83 7 32 66 81 87 57 44 15 22 72 25 86 75 34 30 52 82 77 79 51 29 9 45 80 100 36 11 48 65 43 95 5 2 39 98 54 47 53 4 85 92 97 3 68 13 55 69 26 78 37 1 
83 | 0,915656 | 109.211 | 58 56 64 93 10 33 14 96 99 41 70 73 89 35 91 23 19 20 18 61 24 59 50 71 76 94 40 46 42 90 12 8 17 49 84 16 31 62 74 63 67 27 60 21 6 28 88 38 83 7 32 66 81 87 57 44 15 22 72 25 86 75 34 30 52 82 77 79 51 29 9 45 80 100 36 11 48 65 43 95 5 2 39 98 54 47 53 4 85 92 97 3 68 13 55 69 26 78 37 1 
84 | 0,941058 | 106.263 | 58 56 64 93 10 33 14 96 99 41 70 73 89 35 91 23 19 20 18 61 24 59 50 71 76 94 40 46 42 90 55 8 17 49 84 16 31 62 74 63 67 27 60 21 6 28 88 38 83 7 32 66 81 87 57 44 15 22 72 25 86 75 34 30 52 82 77 79 51 29 9 45 80 100 36 11 48 65 43 95 5 2 39 98 54 47 53 4 85 92 97 3 68 13 12 69 26 78 37 1 
85 | 0,941058 | 106.263 | 58 56 64 93 10 33 14 96 99 41 70 73 89 35 91 23 19 20 18 61 24 59 50 71 76 94 40 46 42 90 55 8 17 49 84 16 31 62 74 63 67 27 60 21 6 28 88 38 83 7 32 66 81 87 57 44 15 22 72 25 86 75 34 30 52 82 77 79 51 29 9 45 80 100 36 11 48 65 43 95 5 2 39 98 54 47 53 4 85 92 97 3 68 13 12 69 26 78 37 1 
86 | 0,941058 | 106.263 | 58 56 64 93 10 33 14 96 99 41 70 73 89 35 91 23 19 20 18 61 24 59 50 71 76 94 40 46 42 90 55 8 17 49 84 16 31 62 74 63 67 27 60 21 6 28 88 38 83 7 32 66 81 87 57 44 15 22 72 25 86 75 34 30 52 82 77 79 51 29 9 45 80 100 36 11 48 65 43 95 5 2 39 98 54 47 53 4 85 92 97 3 68 13 12 69 26 78 37 1 
87 | 0,941058 | 106.263 | 58 56 64 93 10 33 14 96 99 41 70 73 89 35 91 23 19 20 18 61 24 59 50 71 76 94 40 46 42 90 55 8 17 49 84 16 31 62 74 63 67 27 60 21 6 28 88 38 83 7 32 66 81 87 57 44 15 22 72 25 86 75 34 30 52 82 77 79 51 29 9 45 80 100 36 11 48 65 43 95 5 2 39 98 54 47 53 4 85 92 97 3 68 13 12 69 26 78 37 1 
88 | 0,941058 | 106.263 | 58 56 64 93 10 33 14 96 99 41 70 73 89 35 91 23 19 20 18 61 24 59 50 71 76 94 40 46 42 90 55 8 17 49 84 16 31 62 74 63 67 27 60 21 6 28 88 38 83 7 32 66 81 87 57 44 15 22 72 25 86 75 34 30 52 82 77 79 51 29 9 45 80 100 36 11 48 65 43 95 5 2 39 98 54 47 53 4 85 92 97 3 68 13 12 69 26 78 37 1 
89 | 0,941058 | 106.263 | 58 56 64 93 10 33 14 96 99 41 70 73 89 35 91 23 19 20 18 61 24 59 50 71 76 94 40 46 42 90 55 8 17 49 84 16 31 62 74 63 67 27 60 21 6 28 88 38 83 7 32 66 81 87 57 44 15 22 72 25 86 75 34 30 52 82 77 79 51 29 9 45 80 100 36 11 48 65 43 95 5 2 39 98 54 47 53 4 85 92 97 3 68 13 12 69 26 78 37 1 
90 | 0,941058 | 106.263 | 58 56 64 93 10 33 14 96 99 41 70 73 89 35 91 23 19 20 18 61 24 59 50 71 76 94 40 46 42 90 55 8 17 49 84 16 31 62 74 63 67 27 60 21 6 28 88 38 83 7 32 66 81 87 57 44 15 22 72 25 86 75 34 30 52 82 77 79 51 29 9 45 80 100 36 11 48 65 43 95 5 2 39 98 54 47 53 4 85 92 97 3 68 13 12 69 26 78 37 1 
91 | 0,941058 | 106.263 | 58 56 64 93 10 33 14 96 99 41 70 73 89 35 91 23 19 20 18 61 24 59 50 71 76 94 40 46 42 90 55 8 17 49 84 16 31 62 74 63 67 27 60 21 6 28 88 38 83 7 32 66 81 87 57 44 15 22 72 25 86 75 34 30 52 82 77 79 51 29 9 45 80 100 36 11 48 65 43 95 5 2 39 98 54 47 53 4 85 92 97 3 68 13 12 69 26 78 37 1 
92 | 0,941058 | 106.263 | 58 56 64 93 10 33 14 96 99 41 70 73 89 35 91 23 19 20 18 61 24 59 50 71 76 94 40 46 42 90 55 8 17 49 84 16 31 62 74 63 67 27 60 21 6 28 88 38 83 7 32 66 81 87 57 44 15 22 72 25 86 75 34 30 52 82 77 79 51 29 9 45 80 100 36 11 48 65 43 95 5 2 39 98 54 47 53 4 85 92 97 3 68 13 12 69 26 78 37 1 
93 | 0,941058 | 106.263 | 58 56 64 93 10 33 14 96 99 41 70 73 89 35 91 23 19 20 18 61 24 59 50 71 76 94 40 46 42 90 55 8 17 49 84 16 31 62 74 63 67 27 60 21 6 28 88 38 83 7 32 66 81 87 57 44 15 22 72 25 86 75 34 30 52 82 77 79 51 29 9 45 80 100 36 11 48 65 43 95 5 2 39 98 54 47 53 4 85 92 97 3 68 13 12 69 26 78 37 1 
94 | 0,941058 | 106.263 | 58 56 64 93 10 33 14 96 99 41 70 73 89 35 91 23 19 20 18 61 24 59 50 71 76 94 40 46 42 90 55 8 17 49 84 16 31 62 74 63 67 27 60 21 6 28 88 38 83 7 32 66 81 87 57 44 15 22 72 25 86 75 34 30 52 82 77 79 51 29 9 45 80 100 36 11 48 65 43 95 5 2 39 98 54 47 53 4 85 92 97 3 68 13 12 69 26 78 37 1 
95 | 0,941058 | 106.263 | 58 56 64 93 10 33 14 96 99 41 70 73 89 35 91 23 19 20 18 61 24 59 50 71 76 94 40 46 42 90 55 8 17 49 84 16 31 62 74 63 67 27 60 21 6 28 88 38 83 7 32 66 81 87 57 44 15 22 72 25 86 75 34 30 52 82 77 79 51 29 9 45 80 100 36 11 48 65 43 95 5 2 39 98 54 47 53 4 85 92 97 3 68 13 12 69 26 78 37 1 
96 | 0,941058 | 106.263 | 58 56 64 93 10 33 14 96 99 41 70 73 89 35 91 23 19 20 18 61 24 59 50 71 76 94 40 46 42 90 55 8 17 49 84 16 31 62 74 63 67 27 60 21 6 28 88 38 83 7 32 66 81 87 57 44 15 22 72 25 86 75 34 30 52 82 77 79 51 29 9 45 80 100 36 11 48 65 43 95 5 2 39 98 54 47 53 4 85 92 97 3 68 13 12 69 26 78 37 1 
97 | 0,957837 | 104.402 | 58 56 64 93 10 33 14 96 99 41 70 73 89 35 91 23 19 82 18 61 24 59 50 71 76 94 40 46 42 90 55 8 17 49 84 16 31 77 74 63 67 27 60 21 6 28 88 38 83 7 32 66 81 87 57 44 15 22 72 25 86 75 34 30 52 20 62 79 51 29 9 45 80 100 36 11 48 65 43 95 5 2 39 98 54 47 53 4 85 92 97 3 68 13 12 69 26 78 37 1 
98 | 0,971636 | 102.919 | 58 56 64 93 10 33 14 96 99 41 70 73 89 35 91 23 19 82 18 61 24 59 50 71 76 94 40 46 42 90 55 8 17 67 84 16 31 77 74 63 49 27 60 21 6 28 88 38 83 7 32 66 81 87 57 44 15 22 72 25 86 75 34 30 52 20 62 79 51 29 9 45 80 100 36 11 48 65 43 95 5 2 39 98 54 47 53 4 85 92 97 3 68 13 12 69 26 78 37 1 
99 | 0,971636 | 102.919 | 58 56 64 93 10 33 14 96 99 41 70 73 89 35 91 23 19 82 18 61 24 59 50 71 76 94 40 46 42 90 55 8 17 67 84 16 31 77 74 63 49 27 60 21 6 28 88 38 83 7 32 66 81 87 57 44 15 22 72 25 86 75 34 30 52 20 62 79 51 29 9 45 80 100 36 11 48 65 43 95 5 2 39 98 54 47 53 4 85 92 97 3 68 13 12 69 26 78 37 1 
100 | 0,971636 | 102.919 | 58 56 64 93 10 33 14 96 99 41 70 73 89 35 91 23 19 82 18 61 24 59 50 71 76 94 40 46 42 90 55 8 17 67 84 16 31 77 74 63 49 27 60 21 6 28 88 38 83 7 32 66 81 87 57 44 15 22 72 25 86 75 34 30 52 20 62 79 51 29 9 45 80 100 36 11 48 65 43 95 5 2 39 98 54 47 53 4 85 92 97 3 68 13 12 69 26 78 37 1 
101 | 0,971636 | 102.919 | 58 56 64 93 10 33 14 96 99 41 70 73 89 35 91 23 19 82 18 61 24 59 50 71 76 94 40 46 42 90 55 8 17 67 84 16 31 77 74 63 49 27 60 21 6 28 88 38 83 7 32 66 81 87 57 44 15 22 72 25 86 75 34 30 52 20 62 79 51 29 9 45 80 100 36 11 48 65 43 95 5 2 39 98 54 47 53 4 85 92 97 3 68 13 12 69 26 78 37 1 
102 | 0,971636 | 102.919 | 58 56 64 93 10 33 14 96 99 41 70 73 89 35 91 23 19 82 18 61 24 59 50 71 76 94 40 46 42 90 55 8 17 67 84 16 31 77 74 63 49 27 60 21 6 28 88 38 83 7 32 66 81 87 57 44 15 22 72 25 86 75 34 30 52 20 62 79 51 29 9 45 80 100 36 11 48 65 43 95 5 2 39 98 54 47 53 4 85 92 97 3 68 13 12 69 26 78 37 1 
103 | 0,971636 | 102.919 | 58 56 64 93 10 33 14 96 99 41 70 73 89 35 91 23 19 82 18 61 24 59 50 71 76 94 40 46 42 90 55 8 17 67 84 16 31 77 74 63 49 27 60 21 6 28 88 38 83 7 32 66 81 87 57 44 15 22 72 25 86 75 34 30 52 20 62 79 51 29 9 45 80 100 36 11 48 65 43 95 5 2 39 98 54 47 53 4 85 92 97 3 68 13 12 69 26 78 37 1 
104 | 0,971636 | 102.919 | 58 56 64 93 10 33 14 96 99 41 70 73 89 35 91 23 19 82 18 61 24 59 50 71 76 94 40 46 42 90 55 8 17 67 84 16 31 77 74 63 49 27 60 21 6 28 88 38 83 7 32 66 81 87 57 44 15 22 72 25 86 75 34 30 52 20 62 79 51 29 9 45 80 100 36 11 48 65 43 95 5 2 39 98 54 47 53 4 85 92 97 3 68 13 12 69 26 78 37 1 
105 | 0,971636 | 102.919 | 58 56 64 93 10 33 14 96 99 41 70 73 89 35 91 23 19 82 18 61 24 59 50 71 76 94 40 46 42 90 55 8 17 67 84 16 31 77 74 63 49 27 60 21 6 28 88 38 83 7 32 66 81 87 57 44 15 22 72 25 86 75 34 30 52 20 62 79 51 29 9 45 80 100 36 11 48 65 43 95 5 2 39 98 54 47 53 4 85 92 97 3 68 13 12 69 26 78 37 1 
106 | 0,971767 | 102.905 | 58 56 64 24 10 33 14 96 99 41 70 73 89 35 91 23 19 82 18 61 93 59 50 71 76 94 40 46 42 90 55 8 17 67 84 16 65 77 74 63 49 27 60 21 6 28 88 38 83 7 32 66 81 87 57 44 15 22 72 25 86 75 34 30 52 20 62 79 45 29 9 51 80 100 36 11 48 31 43 95 5 2 39 98 54 47 53 4 85 92 97 3 68 13 12 69 26 78 37 1 
107 | 0,971767 | 102.905 | 58 56 64 24 10 33 14 96 99 41 70 73 89 35 91 23 19 82 18 61 93 59 50 71 76 94 40 46 42 90 55 8 17 67 84 16 65 77 74 63 49 27 60 21 6 28 88 38 83 7 32 66 81 87 57 44 15 22 72 25 86 75 34 30 52 20 62 79 45 29 9 51 80 100 36 11 48 31 43 95 5 2 39 98 54 47 53 4 85 92 97 3 68 13 12 69 26 78 37 1 
108 | 0,971767 | 102.905 | 58 56 64 24 10 33 14 96 99 41 70 73 89 35 91 23 19 82 18 61 93 59 50 71 76 94 40 46 42 90 55 8 17 67 84 16 65 77 74 63 49 27 60 21 6 28 88 38 83 7 32 66 81 87 57 44 15 22 72 25 86 75 34 30 52 20 62 79 45 29 9 51 80 100 36 11 48 31 43 95 5 2 39 98 54 47 53 4 85 92 97 3 68 13 12 69 26 78 37 1 
109 | 0,971767 | 102.905 | 58 56 64 24 10 33 14 96 99 41 70 73 89 35 91 23 19 82 18 61 93 59 50 71 76 94 40 46 42 90 55 8 17 67 84 16 65 77 74 63 49 27 60 21 6 28 88 38 83 7 32 66 81 87 57 44 15 22 72 25 86 75 34 30 52 20 62 79 45 29 9 51 80 100 36 11 48 31 43 95 5 2 39 98 54 47 53 4 85 92 97 3 68 13 12 69 26 78 37 1 
110 | 0,981521 | 101.883 | 58 56 64 24 10 33 14 96 99 41 70 73 89 35 91 23 19 82 18 61 93 59 50 71 76 94 40 46 42 55 90 8 17 67 84 16 65 77 74 63 49 27 60 21 6 28 88 38 83 7 32 66 81 87 57 44 15 22 72 25 86 75 34 30 52 20 62 79 45 29 9 51 80 100 36 11 48 31 43 95 5 2 39 98 54 47 53 4 85 92 97 3 68 13 12 69 26 78 37 1 
111 | 0,981521 | 101.883 | 58 56 64 24 10 33 14 96 99 41 70 73 89 35 91 23 19 82 18 61 93 59 50 71 76 94 40 46 42 55 90 8 17 67 84 16 65 77 74 63 49 27 60 21 6 28 88 38 83 7 32 66 81 87 57 44 15 22 72 25 86 75 34 30 52 20 62 79 45 29 9 51 80 100 36 11 48 31 43 95 5 2 39 98 54 47 53 4 85 92 97 3 68 13 12 69 26 78 37 1 
112 | 0,981521 | 101.883 | 58 56 64 24 10 33 14 96 99 41 70 73 89 35 91 23 19 82 18 61 93 59 50 71 76 94 40 46 42 55 90 8 17 67 84 16 65 77 74 63 49 27 60 21 6 28 88 38 83 7 32 66 81 87 57 44 15 22 72 25 86 75 34 30 52 20 62 79 45 29 9 51 80 100 36 11 48 31 43 95 5 2 39 98 54 47 53 4 85 92 97 3 68 13 12 69 26 78 37 1 
113 | 0,981521 | 101.883 | 58 56 64 24 10 33 14 96 99 41 70 73 89 35 91 23 19 82 18 61 93 59 50 71 76 94 40 46 42 55 90 8 17 67 84 16 65 77 74 63 49 27 60 21 6 28 88 38 83 7 32 66 81 87 57 44 15 22 72 25 86 75 34 30 52 20 62 79 45 29 9 51 80 100 36 11 48 31 43 95 5 2 39 98 54 47 53 4 85 92 97 3 68 13 12 69 26 78 37 1 
114 | 0,981521 | 101.883 | 58 56 64 24 10 33 14 96 99 41 70 73 89 35 91 23 19 82 18 61 93 59 50 71 76 94 40 46 42 55 90 8 17 67 84 16 65 77 74 63 49 27 60 21 6 28 88 38 83 7 32 66 81 87 57 44 15 22 72 25 86 75 34 30 52 20 62 79 45 29 9 51 80 100 36 11 48 31 43 95 5 2 39 98 54 47 53 4 85 92 97 3 68 13 12 69 26 78 37 1 
115 | 0,981521 | 101.883 | 58 56 64 24 10 33 14 96 99 41 70 73 89 35 91 23 19 82 18 61 93 59 50 71 76 94 40 46 42 55 90 8 17 67 84 16 65 77 74 63 49 27 60 21 6 28 88 38 83 7 32 66 81 87 57 44 15 22 72 25 86 75 34 30 52 20 62 79 45 29 9 51 80 100 36 11 48 31 43 95 5 2 39 98 54 47 53 4 85 92 97 3 68 13 12 69 26 78 37 1 
116 | 0,981521 | 101.883 | 58 56 64 24 10 33 14 96 99 41 70 73 89 35 91 23 19 82 18 61 93 59 50 71 76 94 40 46 42 55 90 8 17 67 84 16 65 77 74 63 49 27 60 21 6 28 88 38 83 7 32 66 81 87 57 44 15 22 72 25 86 75 34 30 52 20 62 79 45 29 9 51 80 100 36 11 48 31 43 95 5 2 39 98 54 47 53 4 85 92 97 3 68 13 12 69 26 78 37 1 
117 | 0,981521 | 101.883 | 58 56 64 24 10 33 14 96 99 41 70 73 89 35 91 23 19 82 18 61 93 59 50 71 76 94 40 46 42 55 90 8 17 67 84 16 65 77 74 63 49 27 60 21 6 28 88 38 83 7 32 66 81 87 57 44 15 22 72 25 86 75 34 30 52 20 62 79 45 29 9 51 80 100 36 11 48 31 43 95 5 2 39 98 54 47 53 4 85 92 97 3 68 13 12 69 26 78 37 1 
118 | 0,981521 | 101.883 | 58 56 64 24 10 33 14 96 99 41 70 73 89 35 91 23 19 82 18 61 93 59 50 71 76 94 40 46 42 55 90 8 17 67 84 16 65 77 74 63 49 27 60 21 6 28 88 38 83 7 32 66 81 87 57 44 15 22 72 25 86 75 34 30 52 20 62 79 45 29 9 51 80 100 36 11 48 31 43 95 5 2 39 98 54 47 53 4 85 92 97 3 68 13 12 69 26 78 37 1 
119 | 0,981521 | 101.883 | 58 56 64 24 10 33 14 96 99 41 70 73 89 35 91 23 19 82 18 61 93 59 50 71 76 94 40 46 42 55 90 8 17 67 84 16 65 77 74 63 49 27 60 21 6 28 88 38 83 7 32 66 81 87 57 44 15 22 72 25 86 75 34 30 52 20 62 79 45 29 9 51 80 100 36 11 48 31 43 95 5 2 39 98 54 47 53 4 85 92 97 3 68 13 12 69 26 78 37 1 
120 | 0,981521 | 101.883 | 58 56 64 24 10 33 14 96 99 41 70 73 89 35 91 23 19 82 18 61 93 59 50 71 76 94 40 46 42 55 90 8 17 67 84 16 65 77 74 63 49 27 60 21 6 28 88 38 83 7 32 66 81 87 57 44 15 22 72 25 86 75 34 30 52 20 62 79 45 29 9 51 80 100 36 11 48 31 43 95 5 2 39 98 54 47 53 4 85 92 97 3 68 13 12 69 26 78 37 1 
121 | 0,981521 | 101.883 | 58 56 64 24 10 33 14 96 99 41 70 73 89 35 91 23 19 82 18 61 93 59 50 71 76 94 40 46 42 55 90 8 17 67 84 16 65 77 74 63 49 27 60 21 6 28 88 38 83 7 32 66 81 87 57 44 15 22 72 25 86 75 34 30 52 20 62 79 45 29 9 51 80 100 36 11 48 31 43 95 5 2 39 98 54 47 53 4 85 92 97 3 68 13 12 69 26 78 37 1 
122 | 0,982813 | 101.749 | 58 56 64 24 10 33 14 96 99 41 70 73 89 35 91 23 19 82 18 61 93 59 76 71 50 94 40 46 42 55 90 8 17 67 84 16 65 77 74 63 49 27 60 21 6 28 88 38 83 7 32 66 81 87 57 44 15 22 72 25 86 75 34 30 52 20 62 79 45 29 9 51 80 100 36 11 48 31 43 95 5 2 39 98 54 47 53 4 85 92 97 3 68 13 12 69 26 78 37 1 
123 | 0,982813 | 101.749 | 58 56 64 24 10 33 14 96 99 41 70 73 89 35 91 23 19 82 18 61 93 59 76 71 50 94 40 46 42 55 90 8 17 67 84 16 65 77 74 63 49 27 60 21 6 28 88 38 83 7 32 66 81 87 57 44 15 22 72 25 86 75 34 30 52 20 62 79 45 29 9 51 80 100 36 11 48 31 43 95 5 2 39 98 54 47 53 4 85 92 97 3 68 13 12 69 26 78 37 1 
124 | 0,98596 | 101.424 | 58 56 64 24 10 33 14 96 99 41 70 73 89 35 91 23 19 82 18 61 93 59 50 71 76 94 40 46 42 90 55 8 17 67 84 16 12 77 74 63 49 27 60 21 6 28 88 38 83 7 32 66 81 87 57 44 15 34 72 25 39 75 22 30 52 20 62 79 45 29 9 51 80 100 36 11 48 31 43 95 5 2 86 98 54 47 53 4 85 92 97 3 68 13 65 69 26 78 37 1 
125 | 0,98596 | 101.424 | 58 56 64 24 10 33 14 96 99 41 70 73 89 35 91 23 19 82 18 61 93 59 50 71 76 94 40 46 42 90 55 8 17 67 84 16 12 77 74 63 49 27 60 21 6 28 88 38 83 7 32 66 81 87 57 44 15 34 72 25 39 75 22 30 52 20 62 79 45 29 9 51 80 100 36 11 48 31 43 95 5 2 86 98 54 47 53 4 85 92 97 3 68 13 65 69 26 78 37 1 
126 | 0,98596 | 101.424 | 58 56 64 24 10 33 14 96 99 41 70 73 89 35 91 23 19 82 18 61 93 59 50 71 76 94 40 46 42 90 55 8 17 67 84 16 12 77 74 63 49 27 60 21 6 28 88 38 83 7 32 66 81 87 57 44 15 34 72 25 39 75 22 30 52 20 62 79 45 29 9 51 80 100 36 11 48 31 43 95 5 2 86 98 54 47 53 4 85 92 97 3 68 13 65 69 26 78 37 1 
127 | 0,98596 | 101.424 | 58 56 64 24 10 33 14 96 99 41 70 73 89 35 91 23 19 82 18 61 93 59 50 71 76 94 40 46 42 90 55 8 17 67 84 16 12 77 74 63 49 27 60 21 6 28 88 38 83 7 32 66 81 87 57 44 15 34 72 25 39 75 22 30 52 20 62 79 45 29 9 51 80 100 36 11 48 31 43 95 5 2 86 98 54 47 53 4 85 92 97 3 68 13 65 69 26 78 37 1 
128 | 0,98596 | 101.424 | 58 56 64 24 10 33 14 96 99 41 70 73 89 35 91 23 19 82 18 61 93 59 50 71 76 94 40 46 42 90 55 8 17 67 84 16 12 77 74 63 49 27 60 21 6 28 88 38 83 7 32 66 81 87 57 44 15 34 72 25 39 75 22 30 52 20 62 79 45 29 9 51 80 100 36 11 48 31 43 95 5 2 86 98 54 47 53 4 85 92 97 3 68 13 65 69 26 78 37 1 
129 | 0,999339 | 100.066 | 58 56 64 24 10 33 14 96 99 41 70 73 89 35 91 23 19 82 18 61 93 59 50 71 76 94 40 46 42 90 55 8 17 67 85 16 12 77 74 63 49 27 60 21 6 28 88 38 83 7 32 66 81 87 57 44 15 34 72 25 39 75 22 30 52 20 62 79 45 29 9 51 80 100 36 11 48 31 43 98 5 2 86 95 54 47 53 4 69 92 97 3 68 13 65 84 26 78 37 1 
130 | 0,999339 | 100.066 | 58 56 64 24 10 33 14 96 99 41 70 73 89 35 91 23 19 82 18 61 93 59 50 71 76 94 40 46 42 90 55 8 17 67 85 16 12 77 74 63 49 27 60 21 6 28 88 38 83 7 32 66 81 87 57 44 15 34 72 25 39 75 22 30 52 20 62 79 45 29 9 51 80 100 36 11 48 31 43 98 5 2 86 95 54 47 53 4 69 92 97 3 68 13 65 84 26 78 37 1 
131 | 0,999339 | 100.066 | 58 56 64 24 10 33 14 96 99 41 70 73 89 35 91 23 19 82 18 61 93 59 50 71 76 94 40 46 42 90 55 8 17 67 85 16 12 77 74 63 49 27 60 21 6 28 88 38 83 7 32 66 81 87 57 44 15 34 72 25 39 75 22 30 52 20 62 79 45 29 9 51 80 100 36 11 48 31 43 98 5 2 86 95 54 47 53 4 69 92 97 3 68 13 65 84 26 78 37 1 
132 | 0,999339 | 100.066 | 58 56 64 24 10 33 14 96 99 41 70 73 89 35 91 23 19 82 18 61 93 59 50 71 76 94 40 46 42 90 55 8 17 67 85 16 12 77 74 63 49 27 60 21 6 28 88 38 83 7 32 66 81 87 57 44 15 34 72 25 39 75 22 30 52 20 62 79 45 29 9 51 80 100 36 11 48 31 43 98 5 2 86 95 54 47 53 4 69 92 97 3 68 13 65 84 26 78 37 1 
133 | 1,01851 | 98.182,9 | 58 56 64 24 10 33 14 96 99 41 70 73 89 35 91 23 19 66 18 61 93 59 50 71 76 94 40 46 42 90 55 8 17 67 85 16 12 77 74 63 49 27 60 21 6 28 88 38 83 7 32 82 81 87 57 44 15 34 72 25 39 75 22 30 52 20 62 79 1 29 9 51 80 100 36 11 48 31 43 98 5 2 86 95 54 47 53 4 69 92 97 3 68 13 65 84 26 78 37 45 
134 | 1,01851 | 98.182,9 | 58 56 64 24 10 33 14 96 99 41 70 73 89 35 91 23 19 66 18 61 93 59 50 71 76 94 40 46 42 90 55 8 17 67 85 16 12 77 74 63 49 27 60 21 6 28 88 38 83 7 32 82 81 87 57 44 15 34 72 25 39 75 22 30 52 20 62 79 1 29 9 51 80 100 36 11 48 31 43 98 5 2 86 95 54 47 53 4 69 92 97 3 68 13 65 84 26 78 37 45 
135 | 1,01851 | 98.182,9 | 58 56 64 24 10 33 14 96 99 41 70 73 89 35 91 23 19 66 18 61 93 59 50 71 76 94 40 46 42 90 55 8 17 67 85 16 12 77 74 63 49 27 60 21 6 28 88 38 83 7 32 82 81 87 57 44 15 34 72 25 39 75 22 30 52 20 62 79 1 29 9 51 80 100 36 11 48 31 43 98 5 2 86 95 54 47 53 4 69 92 97 3 68 13 65 84 26 78 37 45 
136 | 1,02455 | 97.604,1 | 58 56 64 24 10 33 14 96 99 41 70 73 89 35 91 23 19 66 18 61 93 59 50 71 76 94 40 46 42 90 55 8 17 67 85 16 12 77 74 63 49 27 60 21 6 28 88 38 83 7 32 82 81 87 57 44 15 34 72 25 39 75 62 30 52 20 22 79 1 29 9 51 80 100 36 11 48 31 43 98 5 2 86 95 54 47 53 4 69 92 97 3 68 13 65 84 26 78 37 45 
137 | 1,02455 | 97.604,1 | 58 56 64 24 10 33 14 96 99 41 70 73 89 35 91 23 19 66 18 61 93 59 50 71 76 94 40 46 42 90 55 8 17 67 85 16 12 77 74 63 49 27 60 21 6 28 88 38 83 7 32 82 81 87 57 44 15 34 72 25 39 75 62 30 52 20 22 79 1 29 9 51 80 100 36 11 48 31 43 98 5 2 86 95 54 47 53 4 69 92 97 3 68 13 65 84 26 78 37 45 
138 | 1,03161 | 96.936,1 | 58 56 64 24 10 33 14 96 99 41 70 73 89 35 91 23 19 66 18 61 93 59 50 71 76 94 40 46 42 90 55 8 17 67 85 16 12 77 74 81 49 27 60 21 6 28 88 38 83 7 32 82 63 87 57 44 15 34 72 25 39 75 22 30 52 20 62 79 1 29 9 51 80 100 36 11 48 31 43 98 5 2 86 95 54 47 53 4 69 92 97 3 68 13 65 84 26 78 37 45 
139 | 1,03161 | 96.936,1 | 58 56 64 24 10 33 14 96 99 41 70 73 89 35 91 23 19 66 18 61 93 59 50 71 76 94 40 46 42 90 55 8 17 67 85 16 12 77 74 81 49 27 60 21 6 28 88 38 83 7 32 82 63 87 57 44 15 34 72 25 39 75 22 30 52 20 62 79 1 29 9 51 80 100 36 11 48 31 43 98 5 2 86 95 54 47 53 4 69 92 97 3 68 13 65 84 26 78 37 45 
140 | 1,03161 | 96.936,1 | 58 56 64 24 10 33 14 96 99 41 70 73 89 35 91 23 19 66 18 61 93 59 50 71 76 94 40 46 42 90 55 8 17 67 85 16 12 77 74 81 49 27 60 21 6 28 88 38 83 7 32 82 63 87 57 44 15 34 72 25 39 75 22 30 52 20 62 79 1 29 9 51 80 100 36 11 48 31 43 98 5 2 86 95 54 47 53 4 69 92 97 3 68 13 65 84 26 78 37 45 
141 | 1,03161 | 96.936,1 | 58 56 64 24 10 33 14 96 99 41 70 73 89 35 91 23 19 66 18 61 93 59 50 71 76 94 40 46 42 90 55 8 17 67 85 16 12 77 74 81 49 27 60 21 6 28 88 38 83 7 32 82 63 87 57 44 15 34 72 25 39 75 22 30 52 20 62 79 1 29 9 51 80 100 36 11 48 31 43 98 5 2 86 95 54 47 53 4 69 92 97 3 68 13 65 84 26 78 37 45 
142 | 1,03161 | 96.936,1 | 58 56 64 24 10 33 14 96 99 41 70 73 89 35 91 23 19 66 18 61 93 59 50 71 76 94 40 46 42 90 55 8 17 67 85 16 12 77 74 81 49 27 60 21 6 28 88 38 83 7 32 82 63 87 57 44 15 34 72 25 39 75 22 30 52 20 62 79 1 29 9 51 80 100 36 11 48 31 43 98 5 2 86 95 54 47 53 4 69 92 97 3 68 13 65 84 26 78 37 45 
143 | 1,03248 | 96.854,3 | 58 56 64 24 10 33 14 77 99 41 70 73 89 35 91 23 19 66 18 61 93 59 50 71 76 94 40 46 42 90 55 8 17 67 85 16 12 96 74 81 49 27 60 21 6 28 88 38 83 7 32 82 63 87 57 44 15 34 72 25 39 75 22 30 52 20 47 79 1 29 9 51 80 100 36 11 48 31 43 98 5 2 86 95 54 62 53 4 69 92 97 3 68 13 65 84 26 78 37 45 
144 | 1,03248 | 96.854,3 | 58 56 64 24 10 33 14 77 99 41 70 73 89 35 91 23 19 66 18 61 93 59 50 71 76 94 40 46 42 90 55 8 17 67 85 16 12 96 74 81 49 27 60 21 6 28 88 38 83 7 32 82 63 87 57 44 15 34 72 25 39 75 22 30 52 20 47 79 1 29 9 51 80 100 36 11 48 31 43 98 5 2 86 95 54 62 53 4 69 92 97 3 68 13 65 84 26 78 37 45 
145 | 1,04209 | 95.960,6 | 58 56 64 24 10 33 14 77 99 41 70 73 89 35 91 23 19 66 18 61 93 59 50 71 76 94 40 46 42 90 62 8 17 67 85 16 12 96 74 81 49 27 60 21 6 28 88 38 83 7 32 82 63 87 57 44 15 34 72 25 39 75 22 30 52 20 47 79 1 29 9 51 80 100 36 11 48 31 43 98 5 2 86 95 54 55 53 4 69 92 97 3 68 13 65 84 26 78 37 45 
146 | 1,04209 | 95.960,6 | 58 56 64 24 10 33 14 77 99 41 70 73 89 35 91 23 19 66 18 61 93 59 50 71 76 94 40 46 42 90 62 8 17 67 85 16 12 96 74 81 49 27 60 21 6 28 88 38 83 7 32 82 63 87 57 44 15 34 72 25 39 75 22 30 52 20 47 79 1 29 9 51 80 100 36 11 48 31 43 98 5 2 86 95 54 55 53 4 69 92 97 3 68 13 65 84 26 78 37 45 
147 | 1,04209 | 95.960,6 | 58 56 64 24 10 33 14 77 99 41 70 73 89 35 91 23 19 66 18 61 93 59 50 71 76 94 40 46 42 90 62 8 17 67 85 16 12 96 74 81 49 27 60 21 6 28 88 38 83 7 32 82 63 87 57 44 15 34 72 25 39 75 22 30 52 20 47 79 1 29 9 51 80 100 36 11 48 31 43 98 5 2 86 95 54 55 53 4 69 92 97 3 68 13 65 84 26 78 37 45 
148 | 1,04209 | 95.960,6 | 58 56 64 24 10 33 14 77 99 41 70 73 89 35 91 23 19 66 18 61 93 59 50 71 76 94 40 46 42 90 62 8 17 67 85 16 12 96 74 81 49 27 60 21 6 28 88 38 83 7 32 82 63 87 57 44 15 34 72 25 39 75 22 30 52 20 47 79 1 29 9 51 80 100 36 11 48 31 43 98 5 2 86 95 54 55 53 4 69 92 97 3 68 13 65 84 26 78 37 45 
149 | 1,04209 | 95.960,6 | 58 56 64 24 10 33 14 77 99 41 70 73 89 35 91 23 19 66 18 61 93 59 50 71 76 94 40 46 42 90 62 8 17 67 85 16 12 96 74 81 49 27 60 21 6 28 88 38 83 7 32 82 63 87 57 44 15 34 72 25 39 75 22 30 52 20 47 79 1 29 9 51 80 100 36 11 48 31 43 98 5 2 86 95 54 55 53 4 69 92 97 3 68 13 65 84 26 78 37 45 
150 | 1,04209 | 95.960,6 | 58 56 64 24 10 33 14 77 99 41 70 73 89 35 91 23 19 66 18 61 93 59 50 71 76 94 40 46 42 90 62 8 17 67 85 16 12 96 74 81 49 27 60 21 6 28 88 38 83 7 32 82 63 87 57 44 15 34 72 25 39 75 22 30 52 20 47 79 1 29 9 51 80 100 36 11 48 31 43 98 5 2 86 95 54 55 53 4 69 92 97 3 68 13 65 84 26 78 37 45 
151 | 1,04209 | 95.960,6 | 58 56 64 24 10 33 14 77 99 41 70 73 89 35 91 23 19 66 18 61 93 59 50 71 76 94 40 46 42 90 62 8 17 67 85 16 12 96 74 81 49 27 60 21 6 28 88 38 83 7 32 82 63 87 57 44 15 34 72 25 39 75 22 30 52 20 47 79 1 29 9 51 80 100 36 11 48 31 43 98 5 2 86 95 54 55 53 4 69 92 97 3 68 13 65 84 26 78 37 45 
152 | 1,04449 | 95.740,2 | 58 56 64 24 10 33 14 77 99 41 70 73 89 35 91 23 19 66 18 61 93 59 50 71 76 94 40 46 42 90 62 8 17 67 85 16 82 96 74 81 49 27 60 21 6 28 88 38 83 7 32 12 63 87 57 44 15 34 72 25 39 75 22 30 52 20 47 79 1 29 9 51 80 100 36 11 48 31 54 98 5 2 86 95 43 55 53 4 69 92 97 3 68 13 65 84 26 78 37 45 
153 | 1,05823 | 94.497,3 | 58 56 64 24 10 33 14 77 99 41 70 73 89 35 91 23 19 37 18 61 93 59 50 71 76 94 52 46 42 90 62 8 17 67 85 16 12 96 74 84 49 27 60 21 6 28 88 38 83 7 32 82 63 87 57 44 15 34 72 25 39 75 22 31 40 20 47 79 1 29 9 51 80 100 36 11 48 30 43 98 5 2 86 95 54 55 53 4 69 92 97 3 68 13 65 81 26 78 66 45 
154 | 1,05823 | 94.497,3 | 58 56 64 24 10 33 14 77 99 41 70 73 89 35 91 23 19 37 18 61 93 59 50 71 76 94 52 46 42 90 62 8 17 67 85 16 12 96 74 84 49 27 60 21 6 28 88 38 83 7 32 82 63 87 57 44 15 34 72 25 39 75 22 31 40 20 47 79 1 29 9 51 80 100 36 11 48 30 43 98 5 2 86 95 54 55 53 4 69 92 97 3 68 13 65 81 26 78 66 45 
155 | 1,05823 | 94.497,3 | 58 56 64 24 10 33 14 77 99 41 70 73 89 35 91 23 19 37 18 61 93 59 50 71 76 94 52 46 42 90 62 8 17 67 85 16 12 96 74 84 49 27 60 21 6 28 88 38 83 7 32 82 63 87 57 44 15 34 72 25 39 75 22 31 40 20 47 79 1 29 9 51 80 100 36 11 48 30 43 98 5 2 86 95 54 55 53 4 69 92 97 3 68 13 65 81 26 78 66 45 
156 | 1,05823 | 94.497,3 | 58 56 64 24 10 33 14 77 99 41 70 73 89 35 91 23 19 37 18 61 93 59 50 71 76 94 52 46 42 90 62 8 17 67 85 16 12 96 74 84 49 27 60 21 6 28 88 38 83 7 32 82 63 87 57 44 15 34 72 25 39 75 22 31 40 20 47 79 1 29 9 51 80 100 36 11 48 30 43 98 5 2 86 95 54 55 53 4 69 92 97 3 68 13 65 81 26 78 66 45 
157 | 1,05823 | 94.497,3 | 58 56 64 24 10 33 14 77 99 41 70 73 89 35 91 23 19 37 18 61 93 59 50 71 76 94 52 46 42 90 62 8 17 67 85 16 12 96 74 84 49 27 60 21 6 28 88 38 83 7 32 82 63 87 57 44 15 34 72 25 39 75 22 31 40 20 47 79 1 29 9 51 80 100 36 11 48 30 43 98 5 2 86 95 54 55 53 4 69 92 97 3 68 13 65 81 26 78 66 45 
158 | 1,05991 | 94.347,7 | 58 56 64 24 10 33 14 77 99 41 70 73 89 35 91 23 19 37 18 61 93 59 50 71 76 94 52 46 42 90 62 8 17 67 85 16 12 96 74 84 49 27 60 21 68 28 88 38 83 7 32 82 63 87 57 44 15 34 72 25 39 75 22 31 40 20 47 79 1 29 9 51 80 100 36 11 48 30 43 98 5 2 86 95 54 55 53 4 69 92 97 3 6 13 65 81 26 78 66 45 
159 | 1,05991 | 94.347,7 | 58 56 64 24 10 33 14 77 99 41 70 73 89 35 91 23 19 37 18 61 93 59 50 71 76 94 52 46 42 90 62 8 17 67 85 16 12 96 74 84 49 27 60 21 68 28 88 38 83 7 32 82 63 87 57 44 15 34 72 25 39 75 22 31 40 20 47 79 1 29 9 51 80 100 36 11 48 30 43 98 5 2 86 95 54 55 53 4 69 92 97 3 6 13 65 81 26 78 66 45 
160 | 1,05991 | 94.347,7 | 58 56 64 24 10 33 14 77 99 41 70 73 89 35 91 23 19 37 18 61 93 59 50 71 76 94 52 46 42 90 62 8 17 67 85 16 12 96 74 84 49 27 60 21 68 28 88 38 83 7 32 82 63 87 57 44 15 34 72 25 39 75 22 31 40 20 47 79 1 29 9 51 80 100 36 11 48 30 43 98 5 2 86 95 54 55 53 4 69 92 97 3 6 13 65 81 26 78 66 45 
161 | 1,05991 | 94.347,7 | 58 56 64 24 10 33 14 77 99 41 70 73 89 35 91 23 19 37 18 61 93 59 50 71 76 94 52 46 42 90 62 8 17 67 85 16 12 96 74 84 49 27 60 21 68 28 88 38 83 7 32 82 63 87 57 44 15 34 72 25 39 75 22 31 40 20 47 79 1 29 9 51 80 100 36 11 48 30 43 98 5 2 86 95 54 55 53 4 69 92 97 3 6 13 65 81 26 78 66 45 
162 | 1,05991 | 94.347,7 | 58 56 64 24 10 33 14 77 99 41 70 73 89 35 91 23 19 37 18 61 93 59 50 71 76 94 52 46 42 90 62 8 17 67 85 16 12 96 74 84 49 27 60 21 68 28 88 38 83 7 32 82 63 87 57 44 15 34 72 25 39 75 22 31 40 20 47 79 1 29 9 51 80 100 36 11 48 30 43 98 5 2 86 95 54 55 53 4 69 92 97 3 6 13 65 81 26 78 66 45 
163 | 1,05991 | 94.347,7 | 58 56 64 24 10 33 14 77 99 41 70 73 89 35 91 23 19 37 18 61 93 59 50 71 76 94 52 46 42 90 62 8 17 67 85 16 12 96 74 84 49 27 60 21 68 28 88 38 83 7 32 82 63 87 57 44 15 34 72 25 39 75 22 31 40 20 47 79 1 29 9 51 80 100 36 11 48 30 43 98 5 2 86 95 54 55 53 4 69 92 97 3 6 13 65 81 26 78 66 45 
164 | 1,05991 | 94.347,7 | 58 56 64 24 10 33 14 77 99 41 70 73 89 35 91 23 19 37 18 61 93 59 50 71 76 94 52 46 42 90 62 8 17 67 85 16 12 96 74 84 49 27 60 21 68 28 88 38 83 7 32 82 63 87 57 44 15 34 72 25 39 75 22 31 40 20 47 79 1 29 9 51 80 100 36 11 48 30 43 98 5 2 86 95 54 55 53 4 69 92 97 3 6 13 65 81 26 78 66 45 
165 | 1,05991 | 94.347,7 | 58 56 64 24 10 33 14 77 99 41 70 73 89 35 91 23 19 37 18 61 93 59 50 71 76 94 52 46 42 90 62 8 17 67 85 16 12 96 74 84 49 27 60 21 68 28 88 38 83 7 32 82 63 87 57 44 15 34 72 25 39 75 22 31 40 20 47 79 1 29 9 51 80 100 36 11 48 30 43 98 5 2 86 95 54 55 53 4 69 92 97 3 6 13 65 81 26 78 66 45 
166 | 1,05991 | 94.347,7 | 58 56 64 24 10 33 14 77 99 41 70 73 89 35 91 23 19 37 18 61 93 59 50 71 76 94 52 46 42 90 62 8 17 67 85 16 12 96 74 84 49 27 60 21 68 28 88 38 83 7 32 82 63 87 57 44 15 34 72 25 39 75 22 31 40 20 47 79 1 29 9 51 80 100 36 11 48 30 43 98 5 2 86 95 54 55 53 4 69 92 97 3 6 13 65 81 26 78 66 45 
167 | 1,05991 | 94.347,7 | 58 56 64 24 10 33 14 77 99 41 70 73 89 35 91 23 19 37 18 61 93 59 50 71 76 94 52 46 42 90 62 8 17 67 85 16 12 96 74 84 49 27 60 21 68 28 88 38 83 7 32 82 63 87 57 44 15 34 72 25 39 75 22 31 40 20 47 79 1 29 9 51 80 100 36 11 48 30 43 98 5 2 86 95 54 55 53 4 69 92 97 3 6 13 65 81 26 78 66 45 
168 | 1,05991 | 94.347,7 | 58 56 64 24 10 33 14 77 99 41 70 73 89 35 91 23 19 37 18 61 93 59 50 71 76 94 52 46 42 90 62 8 17 67 85 16 12 96 74 84 49 27 60 21 68 28 88 38 83 7 32 82 63 87 57 44 15 34 72 25 39 75 22 31 40 20 47 79 1 29 9 51 80 100 36 11 48 30 43 98 5 2 86 95 54 55 53 4 69 92 97 3 6 13 65 81 26 78 66 45 
169 | 1,05991 | 94.347,7 | 58 56 64 24 10 33 14 77 99 41 70 73 89 35 91 23 19 37 18 61 93 59 50 71 76 94 52 46 42 90 62 8 17 67 85 16 12 96 74 84 49 27 60 21 68 28 88 38 83 7 32 82 63 87 57 44 15 34 72 25 39 75 22 31 40 20 47 79 1 29 9 51 80 100 36 11 48 30 43 98 5 2 86 95 54 55 53 4 69 92 97 3 6 13 65 81 26 78 66 45 
170 | 1,05991 | 94.347,7 | 58 56 64 24 10 33 14 77 99 41 70 73 89 35 91 23 19 37 18 61 93 59 50 71 76 94 52 46 42 90 62 8 17 67 85 16 12 96 74 84 49 27 60 21 68 28 88 38 83 7 32 82 63 87 57 44 15 34 72 25 39 75 22 31 40 20 47 79 1 29 9 51 80 100 36 11 48 30 43 98 5 2 86 95 54 55 53 4 69 92 97 3 6 13 65 81 26 78 66 45 
171 | 1,05991 | 94.347,7 | 58 56 64 24 10 33 14 77 99 41 70 73 89 35 91 23 19 37 18 61 93 59 50 71 76 94 52 46 42 90 62 8 17 67 85 16 12 96 74 84 49 27 60 21 68 28 88 38 83 7 32 82 63 87 57 44 15 34 72 25 39 75 22 31 40 20 47 79 1 29 9 51 80 100 36 11 48 30 43 98 5 2 86 95 54 55 53 4 69 92 97 3 6 13 65 81 26 78 66 45 
172 | 1,06227 | 94.137,7 | 58 56 64 24 10 33 14 77 99 41 70 73 89 35 91 23 19 37 18 61 93 59 50 71 76 94 52 46 42 90 62 8 17 67 85 16 12 96 74 84 49 27 60 21 6 28 88 38 83 7 32 82 63 87 57 44 15 34 72 25 39 75 22 31 40 20 47 79 1 29 9 51 80 100 36 11 48 30 43 98 5 2 86 95 54 55 53 81 69 92 97 3 68 13 65 4 26 78 66 45 
173 | 1,06227 | 94.137,7 | 58 56 64 24 10 33 14 77 99 41 70 73 89 35 91 23 19 37 18 61 93 59 50 71 76 94 52 46 42 90 62 8 17 67 85 16 12 96 74 84 49 27 60 21 6 28 88 38 83 7 32 82 63 87 57 44 15 34 72 25 39 75 22 31 40 20 47 79 1 29 9 51 80 100 36 11 48 30 43 98 5 2 86 95 54 55 53 81 69 92 97 3 68 13 65 4 26 78 66 45 
174 | 1,06418 | 93.969,3 | 58 56 64 24 10 33 14 77 99 41 21 73 89 35 91 23 19 37 18 61 93 59 5 71 76 94 52 46 42 90 62 8 17 67 85 16 12 96 74 84 49 27 60 70 6 28 88 38 83 7 32 82 63 87 57 44 15 34 72 25 39 75 22 31 40 20 47 79 1 29 9 51 80 100 36 11 48 30 43 98 50 2 86 95 54 55 53 4 69 92 97 3 68 13 65 81 26 78 66 45 
175 | 1,06418 | 93.969,3 | 58 56 64 24 10 33 14 77 99 41 21 73 89 35 91 23 19 37 18 61 93 59 5 71 76 94 52 46 42 90 62 8 17 67 85 16 12 96 74 84 49 27 60 70 6 28 88 38 83 7 32 82 63 87 57 44 15 34 72 25 39 75 22 31 40 20 47 79 1 29 9 51 80 100 36 11 48 30 43 98 50 2 86 95 54 55 53 4 69 92 97 3 68 13 65 81 26 78 66 45 
176 | 1,06428 | 93.959,9 | 58 56 64 24 10 33 14 77 81 41 70 73 89 35 91 23 19 37 18 61 93 59 5 71 76 94 52 46 42 90 62 8 17 67 85 16 12 96 74 84 49 27 60 21 6 28 88 38 83 7 32 82 63 87 57 44 15 34 72 25 39 75 22 31 40 20 47 79 1 29 9 51 80 100 36 11 48 30 43 98 50 2 86 95 54 55 53 4 69 92 97 3 68 13 65 99 26 78 66 45 
177 | 1,06428 | 93.959,9 | 58 56 64 24 10 33 14 77 81 41 70 73 89 35 91 23 19 37 18 61 93 59 5 71 76 94 52 46 42 90 62 8 17 67 85 16 12 96 74 84 49 27 60 21 6 28 88 38 83 7 32 82 63 87 57 44 15 34 72 25 39 75 22 31 40 20 47 79 1 29 9 51 80 100 36 11 48 30 43 98 50 2 86 95 54 55 53 4 69 92 97 3 68 13 65 99 26 78 66 45 
178 | 1,07212 | 93.273,2 | 58 56 64 24 10 33 14 77 99 41 70 73 89 35 91 23 19 37 18 61 93 59 50 71 76 94 52 46 42 90 62 8 17 67 85 16 12 96 74 84 49 27 60 21 68 28 88 38 83 7 32 82 63 87 57 44 15 34 72 25 39 75 22 31 79 20 47 40 1 29 9 51 80 100 36 11 48 30 43 98 5 2 86 95 54 55 53 4 69 92 97 3 6 13 65 81 26 78 66 45 
179 | 1,07212 | 93.273,2 | 58 56 64 24 10 33 14 77 99 41 70 73 89 35 91 23 19 37 18 61 93 59 50 71 76 94 52 46 42 90 62 8 17 67 85 16 12 96 74 84 49 27 60 21 68 28 88 38 83 7 32 82 63 87 57 44 15 34 72 25 39 75 22 31 79 20 47 40 1 29 9 51 80 100 36 11 48 30 43 98 5 2 86 95 54 55 53 4 69 92 97 3 6 13 65 81 26 78 66 45 
180 | 1,07212 | 93.273,2 | 58 56 64 24 10 33 14 77 99 41 70 73 89 35 91 23 19 37 18 61 93 59 50 71 76 94 52 46 42 90 62 8 17 67 85 16 12 96 74 84 49 27 60 21 68 28 88 38 83 7 32 82 63 87 57 44 15 34 72 25 39 75 22 31 79 20 47 40 1 29 9 51 80 100 36 11 48 30 43 98 5 2 86 95 54 55 53 4 69 92 97 3 6 13 65 81 26 78 66 45 
181 | 1,07212 | 93.273,2 | 58 56 64 24 10 33 14 77 99 41 70 73 89 35 91 23 19 37 18 61 93 59 50 71 76 94 52 46 42 90 62 8 17 67 85 16 12 96 74 84 49 27 60 21 68 28 88 38 83 7 32 82 63 87 57 44 15 34 72 25 39 75 22 31 79 20 47 40 1 29 9 51 80 100 36 11 48 30 43 98 5 2 86 95 54 55 53 4 69 92 97 3 6 13 65 81 26 78 66 45 
182 | 1,07212 | 93.273,2 | 58 56 64 24 10 33 14 77 99 41 70 73 89 35 91 23 19 37 18 61 93 59 50 71 76 94 52 46 42 90 62 8 17 67 85 16 12 96 74 84 49 27 60 21 68 28 88 38 83 7 32 82 63 87 57 44 15 34 72 25 39 75 22 31 79 20 47 40 1 29 9 51 80 100 36 11 48 30 43 98 5 2 86 95 54 55 53 4 69 92 97 3 6 13 65 81 26 78 66 45 
183 | 1,07212 | 93.273,2 | 58 56 64 24 10 33 14 77 99 41 70 73 89 35 91 23 19 37 18 61 93 59 50 71 76 94 52 46 42 90 62 8 17 67 85 16 12 96 74 84 49 27 60 21 68 28 88 38 83 7 32 82 63 87 57 44 15 34 72 25 39 75 22 31 79 20 47 40 1 29 9 51 80 100 36 11 48 30 43 98 5 2 86 95 54 55 53 4 69 92 97 3 6 13 65 81 26 78 66 45 
184 | 1,07212 | 93.273,2 | 58 56 64 24 10 33 14 77 99 41 70 73 89 35 91 23 19 37 18 61 93 59 50 71 76 94 52 46 42 90 62 8 17 67 85 16 12 96 74 84 49 27 60 21 68 28 88 38 83 7 32 82 63 87 57 44 15 34 72 25 39 75 22 31 79 20 47 40 1 29 9 51 80 100 36 11 48 30 43 98 5 2 86 95 54 55 53 4 69 92 97 3 6 13 65 81 26 78 66 45 
185 | 1,07212 | 93.273,2 | 58 56 64 24 10 33 14 77 99 41 70 73 89 35 91 23 19 37 18 61 93 59 50 71 76 94 52 46 42 90 62 8 17 67 85 16 12 96 74 84 49 27 60 21 68 28 88 38 83 7 32 82 63 87 57 44 15 34 72 25 39 75 22 31 79 20 47 40 1 29 9 51 80 100 36 11 48 30 43 98 5 2 86 95 54 55 53 4 69 92 97 3 6 13 65 81 26 78 66 45 
186 | 1,07212 | 93.273,2 | 58 56 64 24 10 33 14 77 99 41 70 73 89 35 91 23 19 37 18 61 93 59 50 71 76 94 52 46 42 90 62 8 17 67 85 16 12 96 74 84 49 27 60 21 68 28 88 38 83 7 32 82 63 87 57 44 15 34 72 25 39 75 22 31 79 20 47 40 1 29 9 51 80 100 36 11 48 30 43 98 5 2 86 95 54 55 53 4 69 92 97 3 6 13 65 81 26 78 66 45 
187 | 1,07373 | 93.133 | 58 56 64 24 10 33 14 77 99 41 70 73 89 35 91 23 19 37 18 61 93 59 50 71 76 94 52 46 42 90 62 8 17 67 85 16 12 96 84 74 49 32 60 21 68 28 88 38 83 15 27 82 63 87 57 44 7 34 72 25 39 75 22 31 79 20 47 40 1 29 9 51 80 100 36 11 48 30 43 98 5 2 86 95 54 55 53 4 69 92 97 3 6 13 65 81 26 78 66 45 
188 | 1,07373 | 93.133 | 58 56 64 24 10 33 14 77 99 41 70 73 89 35 91 23 19 37 18 61 93 59 50 71 76 94 52 46 42 90 62 8 17 67 85 16 12 96 84 74 49 32 60 21 68 28 88 38 83 15 27 82 63 87 57 44 7 34 72 25 39 75 22 31 79 20 47 40 1 29 9 51 80 100 36 11 48 30 43 98 5 2 86 95 54 55 53 4 69 92 97 3 6 13 65 81 26 78 66 45 
189 | 1,07373 | 93.133 | 58 56 64 24 10 33 14 77 99 41 70 73 89 35 91 23 19 37 18 61 93 59 50 71 76 94 52 46 42 90 62 8 17 67 85 16 12 96 84 74 49 32 60 21 68 28 88 38 83 15 27 82 63 87 57 44 7 34 72 25 39 75 22 31 79 20 47 40 1 29 9 51 80 100 36 11 48 30 43 98 5 2 86 95 54 55 53 4 69 92 97 3 6 13 65 81 26 78 66 45 
190 | 1,09249 | 91.533,8 | 58 56 64 24 10 33 14 77 30 41 70 73 89 35 91 23 19 37 18 61 93 59 50 71 76 94 52 46 42 90 62 8 17 67 85 16 12 96 74 84 49 27 60 21 68 28 88 38 83 15 32 82 63 87 57 44 7 34 72 25 39 75 22 31 79 20 47 40 1 29 9 51 80 100 36 11 48 99 43 98 5 2 86 95 54 55 53 4 69 92 97 3 6 13 65 81 26 78 66 45 
191 | 1,09249 | 91.533,8 | 58 56 64 24 10 33 14 77 30 41 70 73 89 35 91 23 19 37 18 61 93 59 50 71 76 94 52 46 42 90 62 8 17 67 85 16 12 96 74 84 49 27 60 21 68 28 88 38 83 15 32 82 63 87 57 44 7 34 72 25 39 75 22 31 79 20 47 40 1 29 9 51 80 100 36 11 48 99 43 98 5 2 86 95 54 55 53 4 69 92 97 3 6 13 65 81 26 78 66 45 
192 | 1,09249 | 91.533,8 | 58 56 64 24 10 33 14 77 30 41 70 73 89 35 91 23 19 37 18 61 93 59 50 71 76 94 52 46 42 90 62 8 17 67 85 16 12 96 74 84 49 27 60 21 68 28 88 38 83 15 32 82 63 87 57 44 7 34 72 25 39 75 22 31 79 20 47 40 1 29 9 51 80 100 36 11 48 99 43 98 5 2 86 95 54 55 53 4 69 92 97 3 6 13 65 81 26 78 66 45 
193 | 1,09249 | 91.533,8 | 58 56 64 24 10 33 14 77 30 41 70 73 89 35 91 23 19 37 18 61 93 59 50 71 76 94 52 46 42 90 62 8 17 67 85 16 12 96 74 84 49 27 60 21 68 28 88 38 83 15 32 82 63 87 57 44 7 34 72 25 39 75 22 31 79 20 47 40 1 29 9 51 80 100 36 11 48 99 43 98 5 2 86 95 54 55 53 4 69 92 97 3 6 13 65 81 26 78 66 45 
194 | 1,09249 | 91.533,8 | 58 56 64 24 10 33 14 77 30 41 70 73 89 35 91 23 19 37 18 61 93 59 50 71 76 94 52 46 42 90 62 8 17 67 85 16 12 96 74 84 49 27 60 21 68 28 88 38 83 15 32 82 63 87 57 44 7 34 72 25 39 75 22 31 79 20 47 40 1 29 9 51 80 100 36 11 48 99 43 98 5 2 86 95 54 55 53 4 69 92 97 3 6 13 65 81 26 78 66 45 
195 | 1,09424 | 91.387,4 | 58 56 64 24 10 33 14 77 99 41 70 21 89 35 91 23 19 37 18 61 93 59 50 71 76 94 52 46 42 90 62 8 17 67 85 16 7 96 74 84 49 27 60 73 68 28 88 38 83 12 32 82 51 87 57 44 15 34 72 25 39 75 22 31 79 20 47 40 1 29 9 63 80 100 36 11 48 30 43 98 5 2 86 95 54 55 53 4 69 92 97 3 6 13 65 81 26 78 66 45 
196 | 1,09424 | 91.387,4 | 58 56 64 24 10 33 14 77 99 41 70 21 89 35 91 23 19 37 18 61 93 59 50 71 76 94 52 46 42 90 62 8 17 67 85 16 7 96 74 84 49 27 60 73 68 28 88 38 83 12 32 82 51 87 57 44 15 34 72 25 39 75 22 31 79 20 47 40 1 29 9 63 80 100 36 11 48 30 43 98 5 2 86 95 54 55 53 4 69 92 97 3 6 13 65 81 26 78 66 45 
197 | 1,09424 | 91.387,4 | 58 56 64 24 10 33 14 77 99 41 70 21 89 35 91 23 19 37 18 61 93 59 50 71 76 94 52 46 42 90 62 8 17 67 85 16 7 96 74 84 49 27 60 73 68 28 88 38 83 12 32 82 51 87 57 44 15 34 72 25 39 75 22 31 79 20 47 40 1 29 9 63 80 100 36 11 48 30 43 98 5 2 86 95 54 55 53 4 69 92 97 3 6 13 65 81 26 78 66 45 
198 | 1,09424 | 91.387,4 | 58 56 64 24 10 33 14 77 99 41 70 21 89 35 91 23 19 37 18 61 93 59 50 71 76 94 52 46 42 90 62 8 17 67 85 16 7 96 74 84 49 27 60 73 68 28 88 38 83 12 32 82 51 87 57 44 15 34 72 25 39 75 22 31 79 20 47 40 1 29 9 63 80 100 36 11 48 30 43 98 5 2 86 95 54 55 53 4 69 92 97 3 6 13 65 81 26 78 66 45 
199 | 1,09424 | 91.387,4 | 58 56 64 24 10 33 14 77 99 41 70 21 89 35 91 23 19 37 18 61 93 59 50 71 76 94 52 46 42 90 62 8 17 67 85 16 7 96 74 84 49 27 60 73 68 28 88 38 83 12 32 82 51 87 57 44 15 34 72 25 39 75 22 31 79 20 47 40 1 29 9 63 80 100 36 11 48 30 43 98 5 2 86 95 54 55 53 4 69 92 97 3 6 13 65 81 26 78 66 45 
200 | 1,09424 | 91.387,4 | 58 56 64 24 10 33 14 77 99 41 70 21 89 35 91 23 19 37 18 61 93 59 50 71 76 94 52 46 42 90 62 8 17 67 85 16 7 96 74 84 49 27 60 73 68 28 88 38 83 12 32 82 51 87 57 44 15 34 72 25 39 75 22 31 79 20 47 40 1 29 9 63 80 100 36 11 48 30 43 98 5 2 86 95 54 55 53 4 69 92 97 3 6 13 65 81 26 78 66 45 
201 | 1,10047 | 90.870,1 | 58 56 64 24 10 33 14 45 99 41 70 21 89 35 91 23 19 37 18 61 93 59 50 71 76 94 52 46 42 90 62 8 17 67 85 16 7 96 74 84 49 27 60 73 68 28 88 38 83 12 32 82 51 87 57 44 15 34 72 25 39 75 22 31 79 20 47 40 1 29 9 63 80 100 36 11 48 30 43 98 5 2 86 95 54 55 53 4 69 92 97 3 6 13 65 81 26 78 66 77 
202 | 1,10047 | 90.870,1 | 58 56 64 24 10 33 14 45 99 41 70 21 89 35 91 23 19 37 18 61 93 59 50 71 76 94 52 46 42 90 62 8 17 67 85 16 7 96 74 84 49 27 60 73 68 28 88 38 83 12 32 82 51 87 57 44 15 34 72 25 39 75 22 31 79 20 47 40 1 29 9 63 80 100 36 11 48 30 43 98 5 2 86 95 54 55 53 4 69 92 97 3 6 13 65 81 26 78 66 77 
203 | 1,10047 | 90.870,1 | 58 56 64 24 10 33 14 45 99 41 70 21 89 35 91 23 19 37 18 61 93 59 50 71 76 94 52 46 42 90 62 8 17 67 85 16 7 96 74 84 49 27 60 73 68 28 88 38 83 12 32 82 51 87 57 44 15 34 72 25 39 75 22 31 79 20 47 40 1 29 9 63 80 100 36 11 48 30 43 98 5 2 86 95 54 55 53 4 69 92 97 3 6 13 65 81 26 78 66 77 
204 | 1,10047 | 90.870,1 | 58 56 64 24 10 33 14 45 99 41 70 21 89 35 91 23 19 37 18 61 93 59 50 71 76 94 52 46 42 90 62 8 17 67 85 16 7 96 74 84 49 27 60 73 68 28 88 38 83 12 32 82 51 87 57 44 15 34 72 25 39 75 22 31 79 20 47 40 1 29 9 63 80 100 36 11 48 30 43 98 5 2 86 95 54 55 53 4 69 92 97 3 6 13 65 81 26 78 66 77 
205 | 1,10505 | 90.493,5 | 58 56 64 24 10 33 14 45 99 41 70 21 89 35 91 23 19 66 18 61 93 59 50 71 76 94 52 46 42 90 62 8 17 67 85 16 7 96 74 84 49 27 60 73 68 28 88 38 83 12 32 82 51 87 57 44 15 34 72 25 39 75 22 31 79 20 47 40 1 29 9 63 80 100 36 11 48 30 43 98 5 2 86 95 54 55 53 4 69 92 97 3 6 13 65 81 26 78 37 77 
206 | 1,10505 | 90.493,5 | 58 56 64 24 10 33 14 45 99 41 70 21 89 35 91 23 19 66 18 61 93 59 50 71 76 94 52 46 42 90 62 8 17 67 85 16 7 96 74 84 49 27 60 73 68 28 88 38 83 12 32 82 51 87 57 44 15 34 72 25 39 75 22 31 79 20 47 40 1 29 9 63 80 100 36 11 48 30 43 98 5 2 86 95 54 55 53 4 69 92 97 3 6 13 65 81 26 78 37 77 
207 | 1,10505 | 90.493,5 | 58 56 64 24 10 33 14 45 99 41 70 21 89 35 91 23 19 66 18 61 93 59 50 71 76 94 52 46 42 90 62 8 17 67 85 16 7 96 74 84 49 27 60 73 68 28 88 38 83 12 32 82 51 87 57 44 15 34 72 25 39 75 22 31 79 20 47 40 1 29 9 63 80 100 36 11 48 30 43 98 5 2 86 95 54 55 53 4 69 92 97 3 6 13 65 81 26 78 37 77 
208 | 1,10505 | 90.493,5 | 58 56 64 24 10 33 14 45 99 41 70 21 89 35 91 23 19 66 18 61 93 59 50 71 76 94 52 46 42 90 62 8 17 67 85 16 7 96 74 84 49 27 60 73 68 28 88 38 83 12 32 82 51 87 57 44 15 34 72 25 39 75 22 31 79 20 47 40 1 29 9 63 80 100 36 11 48 30 43 98 5 2 86 95 54 55 53 4 69 92 97 3 6 13 65 81 26 78 37 77 
209 | 1,10505 | 90.493,5 | 58 56 64 24 10 33 14 45 99 41 70 21 89 35 91 23 19 66 18 61 93 59 50 71 76 94 52 46 42 90 62 8 17 67 85 16 7 96 74 84 49 27 60 73 68 28 88 38 83 12 32 82 51 87 57 44 15 34 72 25 39 75 22 31 79 20 47 40 1 29 9 63 80 100 36 11 48 30 43 98 5 2 86 95 54 55 53 4 69 92 97 3 6 13 65 81 26 78 37 77 
210 | 1,10505 | 90.493,5 | 58 56 64 24 10 33 14 45 99 41 70 21 89 35 91 23 19 66 18 61 93 59 50 71 76 94 52 46 42 90 62 8 17 67 85 16 7 96 74 84 49 27 60 73 68 28 88 38 83 12 32 82 51 87 57 44 15 34 72 25 39 75 22 31 79 20 47 40 1 29 9 63 80 100 36 11 48 30 43 98 5 2 86 95 54 55 53 4 69 92 97 3 6 13 65 81 26 78 37 77 
211 | 1,10505 | 90.493,5 | 58 56 64 24 10 33 14 45 99 41 70 21 89 35 91 23 19 66 18 61 93 59 50 71 76 94 52 46 42 90 62 8 17 67 85 16 7 96 74 84 49 27 60 73 68 28 88 38 83 12 32 82 51 87 57 44 15 34 72 25 39 75 22 31 79 20 47 40 1 29 9 63 80 100 36 11 48 30 43 98 5 2 86 95 54 55 53 4 69 92 97 3 6 13 65 81 26 78 37 77 
212 | 1,10505 | 90.493,5 | 58 56 64 24 10 33 14 45 99 41 70 21 89 35 91 23 19 66 18 61 93 59 50 71 76 94 52 46 42 90 62 8 17 67 85 16 7 96 74 84 49 27 60 73 68 28 88 38 83 12 32 82 51 87 57 44 15 34 72 25 39 75 22 31 79 20 47 40 1 29 9 63 80 100 36 11 48 30 43 98 5 2 86 95 54 55 53 4 69 92 97 3 6 13 65 81 26 78 37 77 
213 | 1,10505 | 90.493,5 | 58 56 64 24 10 33 14 45 99 41 70 21 89 35 91 23 19 66 18 61 93 59 50 71 76 94 52 46 42 90 62 8 17 67 85 16 7 96 74 84 49 27 60 73 68 28 88 38 83 12 32 82 51 87 57 44 15 34 72 25 39 75 22 31 79 20 47 40 1 29 9 63 80 100 36 11 48 30 43 98 5 2 86 95 54 55 53 4 69 92 97 3 6 13 65 81 26 78 37 77 
214 | 1,10505 | 90.493,5 | 58 56 64 24 10 33 14 45 99 41 70 21 89 35 91 23 19 66 18 61 93 59 50 71 76 94 52 46 42 90 62 8 17 67 85 16 7 96 74 84 49 27 60 73 68 28 88 38 83 12 32 82 51 87 57 44 15 34 72 25 39 75 22 31 79 20 47 40 1 29 9 63 80 100 36 11 48 30 43 98 5 2 86 95 54 55 53 4 69 92 97 3 6 13 65 81 26 78 37 77 
215 | 1,10505 | 90.493,5 | 58 56 64 24 10 33 14 45 99 41 70 21 89 35 91 23 19 66 18 61 93 59 50 71 76 94 52 46 42 90 62 8 17 67 85 16 7 96 74 84 49 27 60 73 68 28 88 38 83 12 32 82 51 87 57 44 15 34 72 25 39 75 22 31 79 20 47 40 1 29 9 63 80 100 36 11 48 30 43 98 5 2 86 95 54 55 53 4 69 92 97 3 6 13 65 81 26 78 37 77 
216 | 1,10505 | 90.493,5 | 58 56 64 24 10 33 14 45 99 41 70 21 89 35 91 23 19 66 18 61 93 59 50 71 76 94 52 46 42 90 62 8 17 67 85 16 7 96 74 84 49 27 60 73 68 28 88 38 83 12 32 82 51 87 57 44 15 34 72 25 39 75 22 31 79 20 47 40 1 29 9 63 80 100 36 11 48 30 43 98 5 2 86 95 54 55 53 4 69 92 97 3 6 13 65 81 26 78 37 77 
217 | 1,10505 | 90.493,5 | 58 56 64 24 10 33 14 45 99 41 70 21 89 35 91 23 19 66 18 61 93 59 50 71 76 94 52 46 42 90 62 8 17 67 85 16 7 96 74 84 49 27 60 73 68 28 88 38 83 12 32 82 51 87 57 44 15 34 72 25 39 75 22 31 79 20 47 40 1 29 9 63 80 100 36 11 48 30 43 98 5 2 86 95 54 55 53 4 69 92 97 3 6 13 65 81 26 78 37 77 
218 | 1,10505 | 90.493,5 | 58 56 64 24 10 33 14 45 99 41 70 21 89 35 91 23 19 66 18 61 93 59 50 71 76 94 52 46 42 90 62 8 17 67 85 16 7 96 74 84 49 27 60 73 68 28 88 38 83 12 32 82 51 87 57 44 15 34 72 25 39 75 22 31 79 20 47 40 1 29 9 63 80 100 36 11 48 30 43 98 5 2 86 95 54 55 53 4 69 92 97 3 6 13 65 81 26 78 37 77 
219 | 1,10505 | 90.493,5 | 58 56 64 24 10 33 14 45 99 41 70 21 89 35 91 23 19 66 18 61 93 59 50 71 76 94 52 46 42 90 62 8 17 67 85 16 7 96 74 84 49 27 60 73 68 28 88 38 83 12 32 82 51 87 57 44 15 34 72 25 39 75 22 31 79 20 47 40 1 29 9 63 80 100 36 11 48 30 43 98 5 2 86 95 54 55 53 4 69 92 97 3 6 13 65 81 26 78 37 77 
220 | 1,10505 | 90.493,5 | 58 56 64 24 10 33 14 45 99 41 70 21 89 35 91 23 19 66 18 61 93 59 50 71 76 94 52 46 42 90 62 8 17 67 85 16 7 96 74 84 49 27 60 73 68 28 88 38 83 12 32 82 51 87 57 44 15 34 72 25 39 75 22 31 79 20 47 40 1 29 9 63 80 100 36 11 48 30 43 98 5 2 86 95 54 55 53 4 69 92 97 3 6 13 65 81 26 78 37 77 
221 | 1,10505 | 90.493,5 | 58 56 64 24 10 33 14 45 99 41 70 21 89 35 91 23 19 66 18 61 93 59 50 71 76 94 52 46 42 90 62 8 17 67 85 16 7 96 74 84 49 27 60 73 68 28 88 38 83 12 32 82 51 87 57 44 15 34 72 25 39 75 22 31 79 20 47 40 1 29 9 63 80 100 36 11 48 30 43 98 5 2 86 95 54 55 53 4 69 92 97 3 6 13 65 81 26 78 37 77 
222 | 1,12281 | 89.062 | 58 56 64 24 10 33 14 45 99 41 70 21 89 35 91 23 19 66 18 61 93 59 50 71 76 94 36 46 42 90 62 8 17 67 85 16 7 96 74 84 49 27 60 73 68 28 88 38 83 12 32 82 51 87 57 44 15 34 72 25 39 75 22 31 79 20 47 40 1 29 9 63 80 100 52 11 48 30 43 98 5 2 86 95 54 55 53 4 69 92 97 3 6 13 65 81 26 78 37 77 
223 | 1,12281 | 89.062 | 58 56 64 24 10 33 14 45 99 41 70 21 89 35 91 23 19 66 18 61 93 59 50 71 76 94 36 46 42 90 62 8 17 67 85 16 7 96 74 84 49 27 60 73 68 28 88 38 83 12 32 82 51 87 57 44 15 34 72 25 39 75 22 31 79 20 47 40 1 29 9 63 80 100 52 11 48 30 43 98 5 2 86 95 54 55 53 4 69 92 97 3 6 13 65 81 26 78 37 77 
224 | 1,12281 | 89.062 | 58 56 64 24 10 33 14 45 99 41 70 21 89 35 91 23 19 66 18 61 93 59 50 71 76 94 36 46 42 90 62 8 17 67 85 16 7 96 74 84 49 27 60 73 68 28 88 38 83 12 32 82 51 87 57 44 15 34 72 25 39 75 22 31 79 20 47 40 1 29 9 63 80 100 52 11 48 30 43 98 5 2 86 95 54 55 53 4 69 92 97 3 6 13 65 81 26 78 37 77 
225 | 1,12281 | 89.062 | 58 56 64 24 10 33 14 45 99 41 70 21 89 35 91 23 19 66 18 61 93 59 50 71 76 94 36 46 42 90 62 8 17 67 85 16 7 96 74 84 49 27 60 73 68 28 88 38 83 12 32 82 51 87 57 44 15 34 72 25 39 75 22 31 79 20 47 40 1 29 9 63 80 100 52 11 48 30 43 98 5 2 86 95 54 55 53 4 69 92 97 3 6 13 65 81 26 78 37 77 
226 | 1,12281 | 89.062 | 58 56 64 24 10 33 14 45 99 41 70 21 89 35 91 23 19 66 18 61 93 59 50 71 76 94 36 46 42 90 62 8 17 67 85 16 7 96 74 84 49 27 60 73 68 28 88 38 83 12 32 82 51 87 57 44 15 34 72 25 39 75 22 31 79 20 47 40 1 29 9 63 80 100 52 11 48 30 43 98 5 2 86 95 54 55 53 4 69 92 97 3 6 13 65 81 26 78 37 77 
227 | 1,12281 | 89.062 | 58 56 64 24 10 33 14 45 99 41 70 21 89 35 91 23 19 66 18 61 93 59 50 71 76 94 36 46 42 90 62 8 17 67 85 16 7 96 74 84 49 27 60 73 68 28 88 38 83 12 32 82 51 87 57 44 15 34 72 25 39 75 22 31 79 20 47 40 1 29 9 63 80 100 52 11 48 30 43 98 5 2 86 95 54 55 53 4 69 92 97 3 6 13 65 81 26 78 37 77 
228 | 1,12281 | 89.062 | 58 56 64 24 10 33 14 45 99 41 70 21 89 35 91 23 19 66 18 61 93 59 50 71 76 94 36 46 42 90 62 8 17 67 85 16 7 96 74 84 49 27 60 73 68 28 88 38 83 12 32 82 51 87 57 44 15 34 72 25 39 75 22 31 79 20 47 40 1 29 9 63 80 100 52 11 48 30 43 98 5 2 86 95 54 55 53 4 69 92 97 3 6 13 65 81 26 78 37 77 
229 | 1,12281 | 89.062 | 58 56 64 24 10 33 14 45 99 41 70 21 89 35 91 23 19 66 18 61 93 59 50 71 76 94 36 46 42 90 62 8 17 67 85 16 7 96 74 84 49 27 60 73 68 28 88 38 83 12 32 82 51 87 57 44 15 34 72 25 39 75 22 31 79 20 47 40 1 29 9 63 80 100 52 11 48 30 43 98 5 2 86 95 54 55 53 4 69 92 97 3 6 13 65 81 26 78 37 77 
230 | 1,12281 | 89.062 | 58 56 64 24 10 33 14 45 99 41 70 21 89 35 91 23 19 66 18 61 93 59 50 71 76 94 36 46 42 90 62 8 17 67 85 16 7 96 74 84 49 27 60 73 68 28 88 38 83 12 32 82 51 87 57 44 15 34 72 25 39 75 22 31 79 20 47 40 1 29 9 63 80 100 52 11 48 30 43 98 5 2 86 95 54 55 53 4 69 92 97 3 6 13 65 81 26 78 37 77 
231 | 1,12281 | 89.062 | 58 56 64 24 10 33 14 45 99 41 70 21 89 35 91 23 19 66 18 61 93 59 50 71 76 94 36 46 42 90 62 8 17 67 85 16 7 96 74 84 49 27 60 73 68 28 88 38 83 12 32 82 51 87 57 44 15 34 72 25 39 75 22 31 79 20 47 40 1 29 9 63 80 100 52 11 48 30 43 98 5 2 86 95 54 55 53 4 69 92 97 3 6 13 65 81 26 78 37 77 
232 | 1,12281 | 89.062 | 58 56 64 24 10 33 14 45 99 41 70 21 89 35 91 23 19 66 18 61 93 59 50 71 76 94 36 46 42 90 62 8 17 67 85 16 7 96 74 84 49 27 60 73 68 28 88 38 83 12 32 82 51 87 57 44 15 34 72 25 39 75 22 31 79 20 47 40 1 29 9 63 80 100 52 11 48 30 43 98 5 2 86 95 54 55 53 4 69 92 97 3 6 13 65 81 26 78 37 77 
233 | 1,12344 | 89.012,5 | 58 56 64 24 10 33 14 45 99 41 70 21 89 35 91 23 19 66 18 61 93 59 50 43 76 94 36 46 42 90 62 8 17 67 85 16 7 96 74 84 49 27 60 73 68 28 88 38 83 12 32 82 51 87 57 44 15 34 72 25 39 75 22 31 79 20 47 40 1 29 9 63 80 100 52 11 48 30 54 98 5 2 86 95 71 55 53 4 69 92 97 3 6 13 65 81 26 78 37 77 
234 | 1,12344 | 89.012,5 | 58 56 64 24 10 33 14 45 99 41 70 21 89 35 91 23 19 66 18 61 93 59 50 43 76 94 36 46 42 90 62 8 17 67 85 16 7 96 74 84 49 27 60 73 68 28 88 38 83 12 32 82 51 87 57 44 15 34 72 25 39 75 22 31 79 20 47 40 1 29 9 63 80 100 52 11 48 30 54 98 5 2 86 95 71 55 53 4 69 92 97 3 6 13 65 81 26 78 37 77 
235 | 1,13188 | 88.348,6 | 58 56 64 24 10 33 14 45 99 41 70 21 89 35 91 23 19 66 18 61 93 59 50 71 76 94 36 46 42 90 62 8 17 67 85 26 7 96 74 84 49 27 60 73 68 28 88 38 83 12 32 82 51 87 57 44 15 34 72 25 39 75 22 31 79 20 47 40 1 29 9 63 80 100 52 11 48 30 54 98 5 2 86 95 43 55 53 4 69 92 97 3 6 13 65 81 16 78 37 77 
236 | 1,13188 | 88.348,6 | 58 56 64 24 10 33 14 45 99 41 70 21 89 35 91 23 19 66 18 61 93 59 50 71 76 94 36 46 42 90 62 8 17 67 85 26 7 96 74 84 49 27 60 73 68 28 88 38 83 12 32 82 51 87 57 44 15 34 72 25 39 75 22 31 79 20 47 40 1 29 9 63 80 100 52 11 48 30 54 98 5 2 86 95 43 55 53 4 69 92 97 3 6 13 65 81 16 78 37 77 
237 | 1,13369 | 88.207,9 | 58 56 64 24 10 33 14 45 99 41 70 21 89 35 91 23 19 66 18 61 93 59 50 43 76 94 36 46 42 90 62 8 17 67 85 7 16 96 74 84 49 27 60 73 68 28 88 38 83 12 32 82 51 87 57 44 15 34 72 25 39 75 22 31 79 20 47 40 1 29 9 63 80 100 52 11 48 30 54 98 5 2 86 95 71 55 53 4 69 92 97 3 6 13 65 81 26 78 37 77 
238 | 1,13369 | 88.207,9 | 58 56 64 24 10 33 14 45 99 41 70 21 89 35 91 23 19 66 18 61 93 59 50 43 76 94 36 46 42 90 62 8 17 67 85 7 16 96 74 84 49 27 60 73 68 28 88 38 83 12 32 82 51 87 57 44 15 34 72 25 39 75 22 31 79 20 47 40 1 29 9 63 80 100 52 11 48 30 54 98 5 2 86 95 71 55 53 4 69 92 97 3 6 13 65 81 26 78 37 77 
239 | 1,13602 | 88.026,5 | 58 56 64 24 10 33 14 45 99 41 70 21 89 35 91 23 19 66 18 61 93 59 50 43 76 94 36 46 42 90 62 8 17 67 85 7 16 96 74 84 49 27 60 73 68 28 88 38 83 12 32 82 51 87 57 44 63 34 72 25 39 75 22 31 79 20 47 40 1 29 9 15 80 100 52 11 48 30 54 98 5 2 86 95 71 55 53 4 69 92 97 3 6 13 65 81 26 78 37 77 
240 | 1,1415 | 87.604,1 | 58 56 64 24 10 33 14 45 99 41 70 21 89 35 91 23 19 49 18 61 93 59 50 43 76 94 36 46 42 90 62 8 17 67 85 7 16 96 74 84 66 27 60 73 68 28 88 38 83 12 32 82 51 87 57 44 63 34 72 25 39 75 22 31 79 20 47 40 1 29 9 15 80 100 52 11 48 30 54 98 5 2 86 95 71 55 53 4 69 92 97 3 6 13 65 81 26 78 37 77 
241 | 1,1415 | 87.604,1 | 58 56 64 24 10 33 14 45 99 41 70 21 89 35 91 23 19 49 18 61 93 59 50 43 76 94 36 46 42 90 62 8 17 67 85 7 16 96 74 84 66 27 60 73 68 28 88 38 83 12 32 82 51 87 57 44 63 34 72 25 39 75 22 31 79 20 47 40 1 29 9 15 80 100 52 11 48 30 54 98 5 2 86 95 71 55 53 4 69 92 97 3 6 13 65 81 26 78 37 77 
242 | 1,1415 | 87.604,1 | 58 56 64 24 10 33 14 45 99 41 70 21 89 35 91 23 19 49 18 61 93 59 50 43 76 94 36 46 42 90 62 8 17 67 85 7 16 96 74 84 66 27 60 73 68 28 88 38 83 12 32 82 51 87 57 44 63 34 72 25 39 75 22 31 79 20 47 40 1 29 9 15 80 100 52 11 48 30 54 98 5 2 86 95 71 55 53 4 69 92 97 3 6 13 65 81 26 78 37 77 
243 | 1,1415 | 87.604,1 | 58 56 64 24 10 33 14 45 99 41 70 21 89 35 91 23 19 49 18 61 93 59 50 43 76 94 36 46 42 90 62 8 17 67 85 7 16 96 74 84 66 27 60 73 68 28 88 38 83 12 32 82 51 87 57 44 63 34 72 25 39 75 22 31 79 20 47 40 1 29 9 15 80 100 52 11 48 30 54 98 5 2 86 95 71 55 53 4 69 92 97 3 6 13 65 81 26 78 37 77 
244 | 1,1415 | 87.604,1 | 58 56 64 24 10 33 14 45 99 41 70 21 89 35 91 23 19 49 18 61 93 59 50 43 76 94 36 46 42 90 62 8 17 67 85 7 16 96 74 84 66 27 60 73 68 28 88 38 83 12 32 82 51 87 57 44 63 34 72 25 39 75 22 31 79 20 47 40 1 29 9 15 80 100 52 11 48 30 54 98 5 2 86 95 71 55 53 4 69 92 97 3 6 13 65 81 26 78 37 77 
245 | 1,1415 | 87.604,1 | 58 56 64 24 10 33 14 45 99 41 70 21 89 35 91 23 19 49 18 61 93 59 50 43 76 94 36 46 42 90 62 8 17 67 85 7 16 96 74 84 66 27 60 73 68 28 88 38 83 12 32 82 51 87 57 44 63 34 72 25 39 75 22 31 79 20 47 40 1 29 9 15 80 100 52 11 48 30 54 98 5 2 86 95 71 55 53 4 69 92 97 3 6 13 65 81 26 78 37 77 
246 | 1,1439 | 87.419,9 | 58 56 64 24 10 33 14 45 99 41 70 21 89 35 91 23 19 66 18 61 93 59 50 43 76 94 36 46 42 90 62 8 17 67 85 7 16 96 74 84 49 27 60 73 68 28 88 38 83 12 32 82 51 87 57 44 15 34 72 25 39 75 22 31 79 20 47 40 1 29 9 63 80 100 52 11 48 81 54 98 5 2 95 86 71 55 53 4 69 92 97 3 6 13 65 30 26 78 37 77 
247 | 1,1439 | 87.419,9 | 58 56 64 24 10 33 14 45 99 41 70 21 89 35 91 23 19 66 18 61 93 59 50 43 76 94 36 46 42 90 62 8 17 67 85 7 16 96 74 84 49 27 60 73 68 28 88 38 83 12 32 82 51 87 57 44 15 34 72 25 39 75 22 31 79 20 47 40 1 29 9 63 80 100 52 11 48 81 54 98 5 2 95 86 71 55 53 4 69 92 97 3 6 13 65 30 26 78 37 77 
248 | 1,14839 | 87.078,5 | 58 56 64 24 10 33 14 45 57 41 70 21 89 35 91 23 19 66 18 61 93 59 50 43 76 94 36 46 42 90 62 8 17 67 85 7 16 96 74 84 49 27 60 73 68 28 88 38 83 12 32 82 51 87 99 44 63 34 72 25 39 75 22 31 79 20 47 80 1 29 9 15 40 100 52 11 48 30 54 98 5 2 86 95 71 55 53 4 69 92 97 3 6 13 65 81 26 78 37 77 
249 | 1,14839 | 87.078,5 | 58 56 64 24 10 33 14 45 57 41 70 21 89 35 91 23 19 66 18 61 93 59 50 43 76 94 36 46 42 90 62 8 17 67 85 7 16 96 74 84 49 27 60 73 68 28 88 38 83 12 32 82 51 87 99 44 63 34 72 25 39 75 22 31 79 20 47 80 1 29 9 15 40 100 52 11 48 30 54 98 5 2 86 95 71 55 53 4 69 92 97 3 6 13 65 81 26 78 37 77 
250 | 1,14839 | 87.078,5 | 58 56 64 24 10 33 14 45 57 41 70 21 89 35 91 23 19 66 18 61 93 59 50 43 76 94 36 46 42 90 62 8 17 67 85 7 16 96 74 84 49 27 60 73 68 28 88 38 83 12 32 82 51 87 99 44 63 34 72 25 39 75 22 31 79 20 47 80 1 29 9 15 40 100 52 11 48 30 54 98 5 2 86 95 71 55 53 4 69 92 97 3 6 13 65 81 26 78 37 77 
251 | 1,14839 | 87.078,5 | 58 56 64 24 10 33 14 45 57 41 70 21 89 35 91 23 19 66 18 61 93 59 50 43 76 94 36 46 42 90 62 8 17 67 85 7 16 96 74 84 49 27 60 73 68 28 88 38 83 12 32 82 51 87 99 44 63 34 72 25 39 75 22 31 79 20 47 80 1 29 9 15 40 100 52 11 48 30 54 98 5 2 86 95 71 55 53 4 69 92 97 3 6 13 65 81 26 78 37 77 
252 | 1,14839 | 87.078,5 | 58 56 64 24 10 33 14 45 57 41 70 21 89 35 91 23 19 66 18 61 93 59 50 43 76 94 36 46 42 90 62 8 17 67 85 7 16 96 74 84 49 27 60 73 68 28 88 38 83 12 32 82 51 87 99 44 63 34 72 25 39 75 22 31 79 20 47 80 1 29 9 15 40 100 52 11 48 30 54 98 5 2 86 95 71 55 53 4 69 92 97 3 6 13 65 81 26 78 37 77 
253 | 1,14839 | 87.078,5 | 58 56 64 24 10 33 14 45 57 41 70 21 89 35 91 23 19 66 18 61 93 59 50 43 76 94 36 46 42 90 62 8 17 67 85 7 16 96 74 84 49 27 60 73 68 28 88 38 83 12 32 82 51 87 99 44 63 34 72 25 39 75 22 31 79 20 47 80 1 29 9 15 40 100 52 11 48 30 54 98 5 2 86 95 71 55 53 4 69 92 97 3 6 13 65 81 26 78 37 77 
254 | 1,14839 | 87.078,5 | 58 56 64 24 10 33 14 45 57 41 70 21 89 35 91 23 19 66 18 61 93 59 50 43 76 94 36 46 42 90 62 8 17 67 85 7 16 96 74 84 49 27 60 73 68 28 88 38 83 12 32 82 51 87 99 44 63 34 72 25 39 75 22 31 79 20 47 80 1 29 9 15 40 100 52 11 48 30 54 98 5 2 86 95 71 55 53 4 69 92 97 3 6 13 65 81 26 78 37 77 
255 | 1,14839 | 87.078,5 | 58 56 64 24 10 33 14 45 57 41 70 21 89 35 91 23 19 66 18 61 93 59 50 43 76 94 36 46 42 90 62 8 17 67 85 7 16 96 74 84 49 27 60 73 68 28 88 38 83 12 32 82 51 87 99 44 63 34 72 25 39 75 22 31 79 20 47 80 1 29 9 15 40 100 52 11 48 30 54 98 5 2 86 95 71 55 53 4 69 92 97 3 6 13 65 81 26 78 37 77 
256 | 1,14839 | 87.078,5 | 58 56 64 24 10 33 14 45 57 41 70 21 89 35 91 23 19 66 18 61 93 59 50 43 76 94 36 46 42 90 62 8 17 67 85 7 16 96 74 84 49 27 60 73 68 28 88 38 83 12 32 82 51 87 99 44 63 34 72 25 39 75 22 31 79 20 47 80 1 29 9 15 40 100 52 11 48 30 54 98 5 2 86 95 71 55 53 4 69 92 97 3 6 13 65 81 26 78 37 77 
257 | 1,14839 | 87.078,5 | 58 56 64 24 10 33 14 45 57 41 70 21 89 35 91 23 19 66 18 61 93 59 50 43 76 94 36 46 42 90 62 8 17 67 85 7 16 96 74 84 49 27 60 73 68 28 88 38 83 12 32 82 51 87 99 44 63 34 72 25 39 75 22 31 79 20 47 80 1 29 9 15 40 100 52 11 48 30 54 98 5 2 86 95 71 55 53 4 69 92 97 3 6 13 65 81 26 78 37 77 
258 | 1,14839 | 87.078,5 | 58 56 64 24 10 33 14 45 57 41 70 21 89 35 91 23 19 66 18 61 93 59 50 43 76 94 36 46 42 90 62 8 17 67 85 7 16 96 74 84 49 27 60 73 68 28 88 38 83 12 32 82 51 87 99 44 63 34 72 25 39 75 22 31 79 20 47 80 1 29 9 15 40 100 52 11 48 30 54 98 5 2 86 95 71 55 53 4 69 92 97 3 6 13 65 81 26 78 37 77 
259 | 1,14839 | 87.078,5 | 58 56 64 24 10 33 14 45 57 41 70 21 89 35 91 23 19 66 18 61 93 59 50 43 76 94 36 46 42 90 62 8 17 67 85 7 16 96 74 84 49 27 60 73 68 28 88 38 83 12 32 82 51 87 99 44 63 34 72 25 39 75 22 31 79 20 47 80 1 29 9 15 40 100 52 11 48 30 54 98 5 2 86 95 71 55 53 4 69 92 97 3 6 13 65 81 26 78 37 77 
260 | 1,14839 | 87.078,5 | 58 56 64 24 10 33 14 45 57 41 70 21 89 35 91 23 19 66 18 61 93 59 50 43 76 94 36 46 42 90 62 8 17 67 85 7 16 96 74 84 49 27 60 73 68 28 88 38 83 12 32 82 51 87 99 44 63 34 72 25 39 75 22 31 79 20 47 80 1 29 9 15 40 100 52 11 48 30 54 98 5 2 86 95 71 55 53 4 69 92 97 3 6 13 65 81 26 78 37 77 
261 | 1,14839 | 87.078,5 | 58 56 64 24 10 33 14 45 57 41 70 21 89 35 91 23 19 66 18 61 93 59 50 43 76 94 36 46 42 90 62 8 17 67 85 7 16 96 74 84 49 27 60 73 68 28 88 38 83 12 32 82 51 87 99 44 63 34 72 25 39 75 22 31 79 20 47 80 1 29 9 15 40 100 52 11 48 30 54 98 5 2 86 95 71 55 53 4 69 92 97 3 6 13 65 81 26 78 37 77 
262 | 1,14839 | 87.078,5 | 58 56 64 24 10 33 14 45 57 41 70 21 89 35 91 23 19 66 18 61 93 59 50 43 76 94 36 46 42 90 62 8 17 67 85 7 16 96 74 84 49 27 60 73 68 28 88 38 83 12 32 82 51 87 99 44 63 34 72 25 39 75 22 31 79 20 47 80 1 29 9 15 40 100 52 11 48 30 54 98 5 2 86 95 71 55 53 4 69 92 97 3 6 13 65 81 26 78 37 77 
263 | 1,14839 | 87.078,5 | 58 56 64 24 10 33 14 45 57 41 70 21 89 35 91 23 19 66 18 61 93 59 50 43 76 94 36 46 42 90 62 8 17 67 85 7 16 96 74 84 49 27 60 73 68 28 88 38 83 12 32 82 51 87 99 44 63 34 72 25 39 75 22 31 79 20 47 80 1 29 9 15 40 100 52 11 48 30 54 98 5 2 86 95 71 55 53 4 69 92 97 3 6 13 65 81 26 78 37 77 
264 | 1,14839 | 87.078,5 | 58 56 64 24 10 33 14 45 57 41 70 21 89 35 91 23 19 66 18 61 93 59 50 43 76 94 36 46 42 90 62 8 17 67 85 7 16 96 74 84 49 27 60 73 68 28 88 38 83 12 32 82 51 87 99 44 63 34 72 25 39 75 22 31 79 20 47 80 1 29 9 15 40 100 52 11 48 30 54 98 5 2 86 95 71 55 53 4 69 92 97 3 6 13 65 81 26 78 37 77 
265 | 1,14839 | 87.078,5 | 58 56 64 24 10 33 14 45 57 41 70 21 89 35 91 23 19 66 18 61 93 59 50 43 76 94 36 46 42 90 62 8 17 67 85 7 16 96 74 84 49 27 60 73 68 28 88 38 83 12 32 82 51 87 99 44 63 34 72 25 39 75 22 31 79 20 47 80 1 29 9 15 40 100 52 11 48 30 54 98 5 2 86 95 71 55 53 4 69 92 97 3 6 13 65 81 26 78 37 77 
266 | 1,14839 | 87.078,5 | 58 56 64 24 10 33 14 45 57 41 70 21 89 35 91 23 19 66 18 61 93 59 50 43 76 94 36 46 42 90 62 8 17 67 85 7 16 96 74 84 49 27 60 73 68 28 88 38 83 12 32 82 51 87 99 44 63 34 72 25 39 75 22 31 79 20 47 80 1 29 9 15 40 100 52 11 48 30 54 98 5 2 86 95 71 55 53 4 69 92 97 3 6 13 65 81 26 78 37 77 
267 | 1,14839 | 87.078,5 | 58 56 64 24 10 33 14 45 57 41 70 21 89 35 91 23 19 66 18 61 93 59 50 43 76 94 36 46 42 90 62 8 17 67 85 7 16 96 74 84 49 27 60 73 68 28 88 38 83 12 32 82 51 87 99 44 63 34 72 25 39 75 22 31 79 20 47 80 1 29 9 15 40 100 52 11 48 30 54 98 5 2 86 95 71 55 53 4 69 92 97 3 6 13 65 81 26 78 37 77 
268 | 1,14839 | 87.078,5 | 58 56 64 24 10 33 14 45 57 41 70 21 89 35 91 23 19 66 18 61 93 59 50 43 76 94 36 46 42 90 62 8 17 67 85 7 16 96 74 84 49 27 60 73 68 28 88 38 83 12 32 82 51 87 99 44 63 34 72 25 39 75 22 31 79 20 47 80 1 29 9 15 40 100 52 11 48 30 54 98 5 2 86 95 71 55 53 4 69 92 97 3 6 13 65 81 26 78 37 77 
269 | 1,14839 | 87.078,5 | 58 56 64 24 10 33 14 45 57 41 70 21 89 35 91 23 19 66 18 61 93 59 50 43 76 94 36 46 42 90 62 8 17 67 85 7 16 96 74 84 49 27 60 73 68 28 88 38 83 12 32 82 51 87 99 44 63 34 72 25 39 75 22 31 79 20 47 80 1 29 9 15 40 100 52 11 48 30 54 98 5 2 86 95 71 55 53 4 69 92 97 3 6 13 65 81 26 78 37 77 
270 | 1,14956 | 86.989,6 | 58 56 64 24 92 33 14 45 57 41 70 21 89 35 91 23 19 66 18 61 93 59 50 43 76 94 36 46 42 90 62 8 17 67 85 7 16 96 74 84 49 27 60 73 68 28 88 38 83 12 32 82 51 87 99 44 63 34 72 25 39 75 22 31 79 20 47 80 1 29 9 15 40 100 52 11 48 30 54 98 5 2 86 95 71 55 53 4 69 10 97 3 6 13 65 81 26 78 37 77 
271 | 1,14956 | 86.989,6 | 58 56 64 24 92 33 14 45 57 41 70 21 89 35 91 23 19 66 18 61 93 59 50 43 76 94 36 46 42 90 62 8 17 67 85 7 16 96 74 84 49 27 60 73 68 28 88 38 83 12 32 82 51 87 99 44 63 34 72 25 39 75 22 31 79 20 47 80 1 29 9 15 40 100 52 11 48 30 54 98 5 2 86 95 71 55 53 4 69 10 97 3 6 13 65 81 26 78 37 77 
272 | 1,14956 | 86.989,6 | 58 56 64 24 92 33 14 45 57 41 70 21 89 35 91 23 19 66 18 61 93 59 50 43 76 94 36 46 42 90 62 8 17 67 85 7 16 96 74 84 49 27 60 73 68 28 88 38 83 12 32 82 51 87 99 44 63 34 72 25 39 75 22 31 79 20 47 80 1 29 9 15 40 100 52 11 48 30 54 98 5 2 86 95 71 55 53 4 69 10 97 3 6 13 65 81 26 78 37 77 
273 | 1,14956 | 86.989,6 | 58 56 64 24 92 33 14 45 57 41 70 21 89 35 91 23 19 66 18 61 93 59 50 43 76 94 36 46 42 90 62 8 17 67 85 7 16 96 74 84 49 27 60 73 68 28 88 38 83 12 32 82 51 87 99 44 63 34 72 25 39 75 22 31 79 20 47 80 1 29 9 15 40 100 52 11 48 30 54 98 5 2 86 95 71 55 53 4 69 10 97 3 6 13 65 81 26 78 37 77 
274 | 1,14956 | 86.989,6 | 58 56 64 24 92 33 14 45 57 41 70 21 89 35 91 23 19 66 18 61 93 59 50 43 76 94 36 46 42 90 62 8 17 67 85 7 16 96 74 84 49 27 60 73 68 28 88 38 83 12 32 82 51 87 99 44 63 34 72 25 39 75 22 31 79 20 47 80 1 29 9 15 40 100 52 11 48 30 54 98 5 2 86 95 71 55 53 4 69 10 97 3 6 13 65 81 26 78 37 77 
275 | 1,14956 | 86.989,6 | 58 56 64 24 92 33 14 45 57 41 70 21 89 35 91 23 19 66 18 61 93 59 50 43 76 94 36 46 42 90 62 8 17 67 85 7 16 96 74 84 49 27 60 73 68 28 88 38 83 12 32 82 51 87 99 44 63 34 72 25 39 75 22 31 79 20 47 80 1 29 9 15 40 100 52 11 48 30 54 98 5 2 86 95 71 55 53 4 69 10 97 3 6 13 65 81 26 78 37 77 
276 | 1,14956 | 86.989,6 | 58 56 64 24 92 33 14 45 57 41 70 21 89 35 91 23 19 66 18 61 93 59 50 43 76 94 36 46 42 90 62 8 17 67 85 7 16 96 74 84 49 27 60 73 68 28 88 38 83 12 32 82 51 87 99 44 63 34 72 25 39 75 22 31 79 20 47 80 1 29 9 15 40 100 52 11 48 30 54 98 5 2 86 95 71 55 53 4 69 10 97 3 6 13 65 81 26 78 37 77 
277 | 1,14956 | 86.989,6 | 58 56 64 24 92 33 14 45 57 41 70 21 89 35 91 23 19 66 18 61 93 59 50 43 76 94 36 46 42 90 62 8 17 67 85 7 16 96 74 84 49 27 60 73 68 28 88 38 83 12 32 82 51 87 99 44 63 34 72 25 39 75 22 31 79 20 47 80 1 29 9 15 40 100 52 11 48 30 54 98 5 2 86 95 71 55 53 4 69 10 97 3 6 13 65 81 26 78 37 77 
278 | 1,14956 | 86.989,6 | 58 56 64 24 92 33 14 45 57 41 70 21 89 35 91 23 19 66 18 61 93 59 50 43 76 94 36 46 42 90 62 8 17 67 85 7 16 96 74 84 49 27 60 73 68 28 88 38 83 12 32 82 51 87 99 44 63 34 72 25 39 75 22 31 79 20 47 80 1 29 9 15 40 100 52 11 48 30 54 98 5 2 86 95 71 55 53 4 69 10 97 3 6 13 65 81 26 78 37 77 
279 | 1,16024 | 86.189,1 | 58 56 64 24 92 33 14 45 57 41 70 21 89 35 91 23 19 66 18 61 93 59 50 43 76 94 40 46 42 90 62 8 17 67 85 7 16 96 74 84 49 27 60 73 68 28 88 38 83 12 32 82 51 87 99 44 63 34 72 25 39 75 22 31 79 20 47 80 1 29 9 15 36 100 52 11 48 30 54 98 5 2 86 95 71 55 53 4 69 10 97 3 6 13 65 81 26 78 37 77 
280 | 1,16024 | 86.189,1 | 58 56 64 24 92 33 14 45 57 41 70 21 89 35 91 23 19 66 18 61 93 59 50 43 76 94 40 46 42 90 62 8 17 67 85 7 16 96 74 84 49 27 60 73 68 28 88 38 83 12 32 82 51 87 99 44 63 34 72 25 39 75 22 31 79 20 47 80 1 29 9 15 36 100 52 11 48 30 54 98 5 2 86 95 71 55 53 4 69 10 97 3 6 13 65 81 26 78 37 77 
281 | 1,16024 | 86.189,1 | 58 56 64 24 92 33 14 45 57 41 70 21 89 35 91 23 19 66 18 61 93 59 50 43 76 94 40 46 42 90 62 8 17 67 85 7 16 96 74 84 49 27 60 73 68 28 88 38 83 12 32 82 51 87 99 44 63 34 72 25 39 75 22 31 79 20 47 80 1 29 9 15 36 100 52 11 48 30 54 98 5 2 86 95 71 55 53 4 69 10 97 3 6 13 65 81 26 78 37 77 
282 | 1,16024 | 86.189,1 | 58 56 64 24 92 33 14 45 57 41 70 21 89 35 91 23 19 66 18 61 93 59 50 43 76 94 40 46 42 90 62 8 17 67 85 7 16 96 74 84 49 27 60 73 68 28 88 38 83 12 32 82 51 87 99 44 63 34 72 25 39 75 22 31 79 20 47 80 1 29 9 15 36 100 52 11 48 30 54 98 5 2 86 95 71 55 53 4 69 10 97 3 6 13 65 81 26 78 37 77 
283 | 1,16024 | 86.189,1 | 58 56 64 24 92 33 14 45 57 41 70 21 89 35 91 23 19 66 18 61 93 59 50 43 76 94 40 46 42 90 62 8 17 67 85 7 16 96 74 84 49 27 60 73 68 28 88 38 83 12 32 82 51 87 99 44 63 34 72 25 39 75 22 31 79 20 47 80 1 29 9 15 36 100 52 11 48 30 54 98 5 2 86 95 71 55 53 4 69 10 97 3 6 13 65 81 26 78 37 77 
284 | 1,16024 | 86.189,1 | 58 56 64 24 92 33 14 45 57 41 70 21 89 35 91 23 19 66 18 61 93 59 50 43 76 94 40 46 42 90 62 8 17 67 85 7 16 96 74 84 49 27 60 73 68 28 88 38 83 12 32 82 51 87 99 44 63 34 72 25 39 75 22 31 79 20 47 80 1 29 9 15 36 100 52 11 48 30 54 98 5 2 86 95 71 55 53 4 69 10 97 3 6 13 65 81 26 78 37 77 
285 | 1,16024 | 86.189,1 | 58 56 64 24 92 33 14 45 57 41 70 21 89 35 91 23 19 66 18 61 93 59 50 43 76 94 40 46 42 90 62 8 17 67 85 7 16 96 74 84 49 27 60 73 68 28 88 38 83 12 32 82 51 87 99 44 63 34 72 25 39 75 22 31 79 20 47 80 1 29 9 15 36 100 52 11 48 30 54 98 5 2 86 95 71 55 53 4 69 10 97 3 6 13 65 81 26 78 37 77 
286 | 1,16024 | 86.189,1 | 58 56 64 24 92 33 14 45 57 41 70 21 89 35 91 23 19 66 18 61 93 59 50 43 76 94 40 46 42 90 62 8 17 67 85 7 16 96 74 84 49 27 60 73 68 28 88 38 83 12 32 82 51 87 99 44 63 34 72 25 39 75 22 31 79 20 47 80 1 29 9 15 36 100 52 11 48 30 54 98 5 2 86 95 71 55 53 4 69 10 97 3 6 13 65 81 26 78 37 77 
287 | 1,16024 | 86.189,1 | 58 56 64 24 92 33 14 45 57 41 70 21 89 35 91 23 19 66 18 61 93 59 50 43 76 94 40 46 42 90 62 8 17 67 85 7 16 96 74 84 49 27 60 73 68 28 88 38 83 12 32 82 51 87 99 44 63 34 72 25 39 75 22 31 79 20 47 80 1 29 9 15 36 100 52 11 48 30 54 98 5 2 86 95 71 55 53 4 69 10 97 3 6 13 65 81 26 78 37 77 
288 | 1,16024 | 86.189,1 | 58 56 64 24 92 33 14 45 57 41 70 21 89 35 91 23 19 66 18 61 93 59 50 43 76 94 40 46 42 90 62 8 17 67 85 7 16 96 74 84 49 27 60 73 68 28 88 38 83 12 32 82 51 87 99 44 63 34 72 25 39 75 22 31 79 20 47 80 1 29 9 15 36 100 52 11 48 30 54 98 5 2 86 95 71 55 53 4 69 10 97 3 6 13 65 81 26 78 37 77 
289 | 1,16357 | 85.942,5 | 56 58 64 24 92 33 14 45 57 41 70 21 89 35 91 23 19 66 18 61 93 59 50 43 76 94 40 46 42 90 62 8 17 67 85 7 16 96 74 84 49 27 60 73 68 28 88 38 83 12 32 82 51 87 99 44 63 34 72 25 39 75 22 31 79 20 47 80 1 29 9 15 36 100 52 11 48 30 54 98 5 2 86 95 71 55 53 4 69 10 97 3 6 13 65 81 26 78 37 77 
290 | 1,16357 | 85.942,5 | 56 58 64 24 92 33 14 45 57 41 70 21 89 35 91 23 19 66 18 61 93 59 50 43 76 94 40 46 42 90 62 8 17 67 85 7 16 96 74 84 49 27 60 73 68 28 88 38 83 12 32 82 51 87 99 44 63 34 72 25 39 75 22 31 79 20 47 80 1 29 9 15 36 100 52 11 48 30 54 98 5 2 86 95 71 55 53 4 69 10 97 3 6 13 65 81 26 78 37 77 
291 | 1,16357 | 85.942,5 | 56 58 64 24 92 33 14 45 57 41 70 21 89 35 91 23 19 66 18 61 93 59 50 43 76 94 40 46 42 90 62 8 17 67 85 7 16 96 74 84 49 27 60 73 68 28 88 38 83 12 32 82 51 87 99 44 63 34 72 25 39 75 22 31 79 20 47 80 1 29 9 15 36 100 52 11 48 30 54 98 5 2 86 95 71 55 53 4 69 10 97 3 6 13 65 81 26 78 37 77 
292 | 1,16868 | 85.566,4 | 58 56 64 24 92 33 14 45 57 41 70 21 89 35 91 23 19 66 18 61 93 59 50 43 76 94 40 46 42 90 62 8 17 67 85 7 16 96 74 84 49 12 60 73 68 28 88 38 83 27 32 82 51 87 99 44 63 34 72 25 39 75 22 31 79 20 47 80 1 29 9 15 36 100 52 11 48 30 54 98 5 2 86 95 71 55 53 4 69 10 97 3 6 13 65 81 26 78 37 77 
293 | 1,16868 | 85.566,4 | 58 56 64 24 92 33 14 45 57 41 70 21 89 35 91 23 19 66 18 61 93 59 50 43 76 94 40 46 42 90 62 8 17 67 85 7 16 96 74 84 49 12 60 73 68 28 88 38 83 27 32 82 51 87 99 44 63 34 72 25 39 75 22 31 79 20 47 80 1 29 9 15 36 100 52 11 48 30 54 98 5 2 86 95 71 55 53 4 69 10 97 3 6 13 65 81 26 78 37 77 
294 | 1,16868 | 85.566,4 | 58 56 64 24 92 33 14 45 57 41 70 21 89 35 91 23 19 66 18 61 93 59 50 43 76 94 40 46 42 90 62 8 17 67 85 7 16 96 74 84 49 12 60 73 68 28 88 38 83 27 32 82 51 87 99 44 63 34 72 25 39 75 22 31 79 20 47 80 1 29 9 15 36 100 52 11 48 30 54 98 5 2 86 95 71 55 53 4 69 10 97 3 6 13 65 81 26 78 37 77 
295 | 1,16868 | 85.566,4 | 58 56 64 24 92 33 14 45 57 41 70 21 89 35 91 23 19 66 18 61 93 59 50 43 76 94 40 46 42 90 62 8 17 67 85 7 16 96 74 84 49 12 60 73 68 28 88 38 83 27 32 82 51 87 99 44 63 34 72 25 39 75 22 31 79 20 47 80 1 29 9 15 36 100 52 11 48 30 54 98 5 2 86 95 71 55 53 4 69 10 97 3 6 13 65 81 26 78 37 77 
296 | 1,16868 | 85.566,4 | 58 56 64 24 92 33 14 45 57 41 70 21 89 35 91 23 19 66 18 61 93 59 50 43 76 94 40 46 42 90 62 8 17 67 85 7 16 96 74 84 49 12 60 73 68 28 88 38 83 27 32 82 51 87 99 44 63 34 72 25 39 75 22 31 79 20 47 80 1 29 9 15 36 100 52 11 48 30 54 98 5 2 86 95 71 55 53 4 69 10 97 3 6 13 65 81 26 78 37 77 
297 | 1,16868 | 85.566,4 | 58 56 64 24 92 33 14 45 57 41 70 21 89 35 91 23 19 66 18 61 93 59 50 43 76 94 40 46 42 90 62 8 17 67 85 7 16 96 74 84 49 12 60 73 68 28 88 38 83 27 32 82 51 87 99 44 63 34 72 25 39 75 22 31 79 20 47 80 1 29 9 15 36 100 52 11 48 30 54 98 5 2 86 95 71 55 53 4 69 10 97 3 6 13 65 81 26 78 37 77 
298 | 1,17683 | 84.974,4 | 58 56 64 24 92 33 14 45 57 41 70 21 89 35 91 23 19 66 18 61 93 59 50 43 76 94 40 27 42 90 62 8 17 67 85 7 16 96 74 84 49 46 60 73 68 28 88 38 83 12 32 82 51 87 99 44 63 34 72 25 39 75 22 31 79 20 47 80 1 29 9 15 36 100 52 11 48 30 54 98 5 2 86 95 71 55 53 4 69 10 97 3 6 13 65 81 26 78 37 77 
299 | 1,17683 | 84.974,4 | 58 56 64 24 92 33 14 45 57 41 70 21 89 35 91 23 19 66 18 61 93 59 50 43 76 94 40 27 42 90 62 8 17 67 85 7 16 96 74 84 49 46 60 73 68 28 88 38 83 12 32 82 51 87 99 44 63 34 72 25 39 75 22 31 79 20 47 80 1 29 9 15 36 100 52 11 48 30 54 98 5 2 86 95 71 55 53 4 69 10 97 3 6 13 65 81 26 78 37 77 
300 | 1,17683 | 84.974,4 | 58 56 64 24 92 33 14 45 57 41 70 21 89 35 91 23 19 66 18 61 93 59 50 43 76 94 40 27 42 90 62 8 17 67 85 7 16 96 74 84 49 46 60 73 68 28 88 38 83 12 32 82 51 87 99 44 63 34 72 25 39 75 22 31 79 20 47 80 1 29 9 15 36 100 52 11 48 30 54 98 5 2 86 95 71 55 53 4 69 10 97 3 6 13 65 81 26 78 37 77 
